longitude,latitude,housing_median_age,total_rooms,total_bedrooms,population,households,median_income,median_house_value,ocean_proximity
-122.27,37.89,52,1978,293,723,272,5.3989,335600,NEAR BAY
-122.13,37.69,17,2380,769,1216,643,3.395,271300,NEAR BAY
-120.76,38.12,7,7188,1288,3175,1115,3.8488,130600,INLAND
-120.0,38.92,26,529,116,191,83,3.5,103600,INLAND
-122.17,37.77,39,1612,342,912,322,3.3958,141900,NEAR BAY
-121.98,37.53,26,3179,703,2142,639,4.1947,222700,<1H OCEAN
-120.65,38.5,10,1783,337,638,262,2.65,116700,INLAND
-119.82,36.78,36,1370,289,812,282,2.6127,69600,INLAND
-120.54,38.41,21,1435,294,668,267,2.5667,77400,INLAND
-119.75,36.78,35,1129,220,474,242,2.4405,74300,INLAND
-119.89,36.79,5,3821,705,2179,694,3.7821,80400,INLAND
-119.78,36.8,34,2200,493,1243,431,1.8514,66500,INLAND
-122.27,37.81,52,210,56,183,56,1.1667,112500,NEAR BAY
-121.82,38.01,25,3018,606,1614,568,3.4722,127000,INLAND
-119.55,36.51,46,1889,390,971,403,2.2132,76600,INLAND
-121.81,39.71,18,1222,250,708,281,2.0288,116700,INLAND
-122.25,38.0,16,2978,411,1531,400,6.5006,237700,NEAR BAY
-122.12,37.88,35,2785,362,1001,363,8.0448,433300,NEAR BAY
-121.98,37.95,14,6290,854,2724,820,6.7371,267400,INLAND
-121.92,37.53,7,28258,3864,12203,3701,8.4045,451100,<1H OCEAN
-119.91,36.83,29,2205,366,1072,345,3.8056,165400,INLAND
-122.08,37.64,30,5267,1253,4065,1113,3.3479,182100,NEAR BAY
-122.24,37.8,52,1586,398,1006,335,2.1348,140600,NEAR BAY
-122.29,37.87,52,895,198,386,204,3.875,182600,NEAR BAY
-122.28,37.96,35,1579,243,734,264,5.5,201000,NEAR BAY
-122.2,37.76,47,1116,259,826,279,1.75,85700,NEAR BAY
-119.71,36.82,12,2144,568,1320,566,2.3381,112500,INLAND
-122.32,38.0,32,2275,397,1233,418,4.0437,162800,NEAR BAY
-119.71,36.88,17,2236,315,992,312,6.9405,165200,INLAND
-122.28,37.85,48,2063,484,1054,466,2.2625,132900,NEAR BAY
-119.7,36.81,32,2623,528,1570,492,2.7159,68000,INLAND
-121.71,39.71,17,2748,556,1174,514,3.066,102600,INLAND
-121.93,37.89,13,2085,292,852,264,7.3445,366700,INLAND
-121.04,38.81,11,3522,623,1456,544,3.93,163400,INLAND
-119.6,36.66,27,1388,296,1056,284,1.6094,55200,INLAND
-122.11,37.66,36,1755,316,913,299,4.1302,172700,NEAR BAY
-119.75,36.83,15,2793,436,1411,441,4.9292,109400,INLAND
-122.23,37.76,52,1316,177,378,162,5.2915,333000,NEAR BAY
-122.08,37.68,26,2607,682,1401,607,2.6563,184100,NEAR BAY
-119.8,36.86,7,6434,1201,2733,1045,3.7656,145000,INLAND
-119.86,36.78,7,2232,490,1274,499,2.9853,74700,INLAND
-119.63,36.76,22,4126,614,1795,613,4.925,154700,INLAND
-119.77,36.85,8,1519,234,711,248,5.9897,123600,INLAND
-119.57,36.71,10,1657,359,958,380,2.6458,84800,INLAND
-122.09,37.71,31,1843,282,749,269,5.2855,253500,NEAR BAY
-121.6,39.77,26,1503,343,699,296,1.875,84000,INLAND
-122.12,37.69,35,2681,508,1580,536,4.1042,179100,NEAR BAY
-122.15,37.73,28,2215,587,830,573,2.1898,141700,NEAR BAY
-121.6,37.91,13,2479,394,1075,350,5.1017,241400,INLAND
-120.25,38.55,15,4403,891,1103,433,3.0125,111700,INLAND
-122.23,37.75,50,1542,289,654,268,3.9632,240000,NEAR BAY
-119.76,36.75,35,1607,383,1407,382,2.19,53400,INLAND
-119.47,36.69,19,3351,589,1578,542,3.2917,160100,INLAND
-122.19,37.77,41,2036,510,1412,454,2.0469,89300,NEAR BAY
-122.22,37.78,51,1637,463,1543,393,2.489,119100,NEAR BAY
-119.8,36.72,19,1334,336,1171,319,1.0481,48500,INLAND
-122.28,37.8,38,684,176,344,155,2.0114,131300,NEAR BAY
-121.98,37.97,26,2738,428,1316,430,5.2442,213200,INLAND
-120.45,36.86,34,673,173,539,182,2.3523,66000,INLAND
-122.23,37.82,52,1611,203,556,179,8.7477,500001,NEAR BAY
-121.98,37.58,20,4126,1031,2079,975,3.6832,216900,<1H OCEAN
-121.96,37.74,2,200,20,25,9,15.0001,350000,<1H OCEAN
-119.86,36.45,19,2439,462,1416,469,2.4474,75600,INLAND
-122.0,37.86,18,8953,1074,3011,993,10.7372,500001,<1H OCEAN
-121.69,39.36,34,842,186,635,165,1.8355,63000,INLAND
-121.92,37.74,8,452,51,140,43,12.5915,432400,<1H OCEAN
-120.98,38.67,13,3432,516,1286,470,5.584,186600,INLAND
-122.16,37.75,35,667,140,406,133,3.8047,94300,NEAR BAY
-122.24,37.79,39,1469,431,1464,389,2.1638,105500,NEAR BAY
-122.08,37.7,25,3402,758,1645,710,3.4934,209900,NEAR BAY
-120.08,36.72,22,1339,251,820,276,3.6,83200,INLAND
-119.81,36.73,47,1314,416,1155,326,1.372,49600,INLAND
-122.16,37.75,46,954,161,429,154,2.925,142900,NEAR BAY
-119.82,36.83,14,2982,412,1408,423,5.3241,123000,INLAND
-119.69,36.74,23,2097,385,911,405,3.5128,121600,INLAND
-119.8,36.75,52,1788,449,1156,418,1.7298,58400,INLAND
-122.13,39.0,23,3832,774,2435,747,2.2754,59200,INLAND
-121.94,37.56,15,5674,748,2412,714,8.3996,442900,<1H OCEAN
-120.67,36.72,18,819,198,996,198,2.5,112500,INLAND
-122.09,37.65,35,1184,200,572,194,4.7143,193800,NEAR BAY
-119.78,36.79,33,2260,440,966,413,2.9301,68300,INLAND
-122.33,37.94,43,1876,389,807,377,3.1571,141600,NEAR BAY
-119.78,36.71,35,1987,394,1233,383,1.3587,45300,INLAND
-122.25,37.85,52,1627,280,565,259,3.8462,342200,NEAR BAY
-122.13,37.71,44,1421,298,609,270,3.5781,180000,NEAR BAY
-122.22,37.77,52,1137,301,866,259,2.59,96400,NEAR BAY
-122.2,37.79,40,1060,256,667,235,4.1739,169600,NEAR BAY
-122.32,37.97,29,2347,464,1135,490,3.9722,161000,NEAR BAY
-122.2,37.78,39,1752,399,1071,376,3.1167,121600,NEAR BAY
-122.27,37.82,43,1868,456,1061,407,1.5045,93800,NEAR BAY
-120.86,38.75,15,1533,300,674,287,2.5625,146100,INLAND
-119.56,36.71,29,1963,392,1208,398,2.5741,73000,INLAND
-122.05,37.9,24,4125,1020,1699,873,2.9526,271000,NEAR BAY
-122.1,37.66,34,656,115,342,112,4.6875,200600,NEAR BAY
-119.71,36.73,19,3972,585,1586,560,5.2608,151400,INLAND
-122.25,37.74,25,1914,365,897,390,4.4562,206200,NEAR BAY
-122.16,37.68,16,1687,348,568,352,2.3869,83300,NEAR BAY
-122.28,37.85,44,1025,198,506,204,1.73,147900,NEAR BAY
-120.34,38.25,17,5497,1056,997,408,2.9821,111500,INLAND
-121.99,37.77,14,8213,1364,3283,1286,5.1755,294800,<1H OCEAN
-122.29,37.98,27,2133,347,850,350,5.1046,209800,NEAR BAY
-122.18,37.91,31,7200,876,2428,843,10.9405,500001,NEAR BAY
-124.14,41.95,21,2696,578,1208,494,2.275,122400,NEAR OCEAN
-124.22,41.73,28,3003,699,1530,653,1.7038,78300,NEAR OCEAN
-122.36,37.93,44,1891,449,1047,432,1.7727,86100,NEAR BAY
-120.08,36.79,38,1446,285,928,255,2.9808,89600,INLAND
-121.69,37.95,15,1850,441,1348,403,3.8125,125400,INLAND
-120.8,38.31,37,1341,256,533,242,3.2135,123600,INLAND
-121.97,37.79,16,3873,484,1451,501,6.7857,341300,<1H OCEAN
-122.08,37.63,33,691,127,431,149,4.25,192600,NEAR BAY
-119.85,36.82,9,3995,778,1691,712,3.3239,91300,INLAND
-122.17,37.69,24,2262,391,1125,366,4.7609,212600,NEAR BAY
-122.25,37.79,52,1339,391,1086,363,2.181,138800,NEAR BAY
-121.94,37.8,8,11336,1657,4089,1555,7.8287,369200,<1H OCEAN
-122.2,37.78,50,1867,403,1128,378,2.5401,129100,NEAR BAY
-119.77,36.75,44,1818,412,1680,418,1.7083,48300,INLAND
-122.31,37.99,25,6508,1137,3259,1081,4.2348,157800,NEAR BAY
-122.3,37.88,46,1647,376,854,355,2.9,144800,NEAR BAY
-119.8,36.72,15,1908,417,1383,375,1.0472,57800,INLAND
-122.36,37.94,41,2591,585,1638,462,1.822,79700,NEAR BAY
-119.67,36.72,31,843,140,453,149,2.6875,153800,INLAND
-120.98,38.34,27,3471,653,1793,600,3.5508,99100,INLAND
-121.76,37.7,9,3980,736,1705,679,5.7068,256700,INLAND
-121.91,37.68,18,3631,547,1700,520,5.817,257300,<1H OCEAN
-121.7,37.94,36,1710,320,861,300,2.8828,131100,INLAND
-121.95,37.52,33,3994,764,2721,763,5.2308,196900,<1H OCEAN
-122.28,37.9,49,3191,516,1148,507,6.3538,333700,NEAR BAY
-122.17,37.72,42,3008,659,1817,664,3.371,165000,NEAR BAY
-122.22,37.79,52,3424,690,2273,685,3.9048,164700,NEAR BAY
-121.92,37.72,4,7477,1576,2937,1506,5.1437,299400,<1H OCEAN
-121.62,39.77,23,1759,366,788,359,1.8125,93500,INLAND
-121.54,39.6,15,886,204,576,205,2.1467,84100,INLAND
-122.24,37.72,5,18634,2885,7427,2718,7.611,350700,NEAR BAY
-119.75,36.77,32,1962,399,1005,392,2.6726,70400,INLAND
-122.2,37.96,9,6306,962,2581,911,6.7741,310700,NEAR BAY
-122.07,37.89,38,2139,343,809,340,5.5636,268800,NEAR BAY
-122.07,37.98,12,6915,1639,2940,1468,4.0154,186100,NEAR BAY
-122.35,37.93,39,2002,416,1166,395,1.7257,91500,NEAR BAY
-120.97,38.65,9,3707,602,1601,555,4.0714,300600,INLAND
-122.25,37.86,52,1709,318,719,295,5.0463,456300,NEAR BAY
-122.12,37.91,34,5683,755,1962,723,8.3678,455300,NEAR BAY
-122.13,37.71,44,1613,339,776,346,3.1103,188900,NEAR BAY
-121.7,37.96,33,2396,452,1391,465,3.2813,151400,INLAND
-119.49,37.1,24,2532,555,1564,507,2.3359,92400,INLAND
-122.02,37.56,23,4332,857,2461,829,4.3594,223400,NEAR BAY
-122.14,37.73,43,2264,390,931,368,3.8125,235100,NEAR BAY
-119.85,36.83,15,2563,335,1080,356,6.7181,160300,INLAND
-122.07,37.69,29,2304,618,1021,552,2.5362,203800,NEAR BAY
-122.25,37.77,52,859,157,429,158,4.3098,197900,NEAR BAY
-122.27,37.83,48,1798,432,987,374,1.0972,104500,NEAR BAY
-122.26,37.84,50,2239,455,990,419,1.9911,158700,NEAR BAY
-122.08,37.69,43,1575,324,740,284,2.8512,181000,NEAR BAY
-119.95,38.95,21,2046,580,952,353,1.7245,92200,INLAND
-122.27,37.88,44,2252,592,989,550,3.0132,272900,NEAR BAY
-120.58,38.77,15,2155,394,857,356,4.03,141200,INLAND
-122.02,37.92,26,5077,640,1872,636,7.4713,351200,NEAR BAY
-122.28,37.87,52,589,132,288,131,3.5156,200000,NEAR BAY
-122.28,37.85,52,610,145,281,132,2.9018,119400,NEAR BAY
-122.29,37.82,2,158,43,94,57,2.5625,60000,NEAR BAY
-122.06,37.94,19,4005,972,1896,893,2.5268,235700,NEAR BAY
-121.73,37.71,12,5608,1049,2595,1067,3.9864,200200,INLAND
-119.78,36.84,7,4907,1075,2014,909,3.2147,111900,INLAND
-122.1,37.96,20,3796,650,1679,611,4.3571,228200,NEAR BAY
-122.18,37.71,45,726,147,519,135,3.375,157500,NEAR BAY
-121.46,39.54,14,5549,1000,1822,919,2.9562,142300,INLAND
-121.94,37.94,26,1299,174,533,180,6.2296,291700,INLAND
-122.1,37.9,38,827,144,368,136,6.5095,294400,NEAR BAY
-122.19,37.79,50,968,195,462,184,2.9844,179900,NEAR BAY
-119.75,36.76,29,2077,524,1887,489,1.4107,59800,INLAND
-119.68,36.63,39,1237,256,638,239,3.0139,65300,INLAND
-122.04,37.62,35,899,179,455,185,4.2857,190400,NEAR BAY
-122.23,37.78,44,2340,825,2813,751,1.6009,118100,NEAR BAY
-121.85,39.73,52,444,80,1107,98,3.4191,137500,INLAND
-121.82,39.75,37,2236,372,974,379,3.2016,97000,INLAND
-119.72,36.71,7,2456,463,1350,424,3.0179,91600,INLAND
-122.23,37.81,52,1433,229,612,213,4.7708,314700,NEAR BAY
-122.28,37.81,52,340,97,200,87,1.5208,112500,NEAR BAY
-119.65,36.51,30,1671,319,966,282,3.1333,100000,INLAND
-122.05,37.93,15,7803,1603,2957,1546,4.45,184900,NEAR BAY
-122.3,37.87,52,3123,749,1695,684,2.2208,144800,NEAR BAY
-122.19,37.83,29,1791,271,661,269,6.8538,368900,NEAR BAY
-121.9,37.66,18,7397,1137,3126,1115,6.4994,323000,INLAND
-121.93,38.02,13,1524,286,940,308,5.1337,154800,INLAND
-122.26,37.85,50,1120,283,697,264,2.125,140000,NEAR BAY
-122.27,37.9,52,2041,270,671,253,6.9414,417500,NEAR BAY
-122.27,37.77,52,2252,388,1033,434,5.5337,372000,NEAR BAY
-120.55,38.12,10,1566,325,785,291,2.5,116100,INLAND
-122.27,38.0,15,1216,166,572,178,5.8418,240300,NEAR BAY
-122.36,37.94,27,844,249,583,265,0.9687,105800,NEAR BAY
-122.22,37.79,46,2366,575,1647,527,2.6042,124700,NEAR BAY
-121.92,37.68,23,1655,223,706,219,7.2211,291900,<1H OCEAN
-122.16,37.77,39,1583,349,857,316,3.0958,145800,NEAR BAY
-121.87,37.66,27,1569,242,583,214,5.7519,278500,INLAND
-122.06,37.6,17,5159,832,3174,817,5.8704,234400,NEAR BAY
-122.29,37.89,52,2248,422,870,377,3.4732,246200,NEAR BAY
-122.13,37.72,25,1134,153,340,171,6.5095,371200,NEAR BAY
-122.26,37.85,52,3618,768,1508,755,3.2619,309600,NEAR BAY
-122.05,37.63,5,3785,936,2240,792,3.2829,162500,NEAR BAY
-122.0,37.98,31,2030,337,867,341,5.0915,193200,INLAND
-122.18,37.77,42,1180,257,877,268,2.8125,97300,NEAR BAY
-122.22,37.78,50,1920,530,1525,477,1.4886,128800,NEAR BAY
-121.94,37.54,27,3715,526,1631,538,6.2179,305300,<1H OCEAN
-122.01,37.99,28,1900,401,918,351,3.7841,144900,NEAR BAY
-122.51,39.3,19,1629,386,551,214,1.7463,68800,INLAND
-122.15,37.73,45,3758,819,1573,736,2.8355,245400,NEAR BAY
-121.92,37.49,10,7441,1588,3571,1466,5.1643,193100,<1H OCEAN
-119.82,36.78,36,1582,313,761,318,2.6055,69200,INLAND
-122.32,38.06,4,7999,1611,3596,1396,5.0969,174200,NEAR BAY
-122.3,37.98,25,3807,806,1821,792,3.6518,164300,NEAR BAY
-122.17,37.76,33,1280,307,999,286,2.5625,89300,NEAR BAY
-121.97,37.64,32,1283,194,485,171,6.0574,431000,<1H OCEAN
-122.2,37.82,39,3770,534,1265,500,6.3302,362800,NEAR BAY
-121.97,37.53,35,2277,420,1353,413,4.75,197000,<1H OCEAN
-122.11,37.66,35,2843,652,1726,643,3.09,174100,NEAR BAY
-119.81,36.6,24,2246,462,1291,394,2.4006,76400,INLAND
-119.83,36.8,24,3756,681,1586,739,3.8571,90100,INLAND
-122.18,37.86,33,4449,636,1684,617,8.9571,399700,NEAR BAY
-122.27,38.04,47,1685,405,835,372,2.3103,134500,NEAR BAY
-121.96,37.99,2,3129,707,1606,698,2.9591,210100,INLAND
-122.25,37.83,52,2376,559,939,519,3.1484,224100,NEAR BAY
-122.3,37.97,35,1811,377,911,340,3.375,149700,NEAR BAY
-122.24,37.86,52,1668,225,517,214,7.8521,500001,NEAR BAY
-119.78,36.78,31,2164,456,959,463,2.3293,73400,INLAND
-122.37,37.94,49,969,229,599,195,1.3167,71600,NEAR BAY
-121.96,37.53,23,2215,475,1278,492,4.2955,218800,<1H OCEAN
-120.93,38.65,12,2213,384,1097,351,4.5568,170100,INLAND
-122.2,37.77,43,2430,502,1537,484,2.898,121400,NEAR BAY
-122.32,38.01,26,3054,492,1495,496,4.6944,171100,NEAR BAY
-121.62,39.5,18,2105,416,974,385,1.6346,63300,INLAND
-122.28,37.81,52,386,164,346,155,0.8075,137500,NEAR BAY
-121.7,37.93,10,3258,612,1779,558,4.6587,152500,INLAND
-120.36,36.14,18,1206,274,622,217,1.8264,62000,INLAND
-122.2,37.84,30,2211,346,844,343,6.0666,311500,NEAR BAY
-122.04,37.66,23,2419,348,1066,384,6.3501,350000,NEAR BAY
-121.94,38.02,29,5765,1170,3266,1131,2.7907,113900,INLAND
-121.95,37.94,21,3153,411,1318,431,6.8642,285400,INLAND
-121.19,39.55,17,1483,284,481,211,1.4896,83300,INLAND
-124.17,41.8,16,2739,480,1259,436,3.7557,109400,NEAR OCEAN
-121.01,38.73,7,6322,1046,2957,1024,4.7276,197500,INLAND
-120.56,38.39,20,1326,307,563,237,2.6667,86600,INLAND
-119.97,38.94,26,1485,334,406,180,1.9667,84600,INLAND
-121.91,37.81,7,3477,416,1216,395,13.1499,500001,INLAND
-122.23,37.78,52,472,146,415,126,2.6429,71300,NEAR BAY
-122.02,37.58,15,3052,760,2097,728,3.3617,178100,NEAR BAY
-122.09,37.86,27,5484,760,2212,770,7.6202,402600,NEAR BAY
-122.02,37.56,35,1716,312,914,316,5.5737,214500,NEAR BAY
-122.24,37.83,52,1757,246,585,227,5.8948,457800,NEAR BAY
-119.78,36.86,10,2902,363,1200,363,8.3608,187300,INLAND
-122.25,37.89,37,3000,457,987,450,7.5385,350000,NEAR BAY
-122.34,37.98,33,2014,410,1354,427,3.9773,131300,NEAR BAY
-121.75,37.71,11,12070,2220,5826,2125,4.8624,192400,INLAND
-119.78,36.8,34,3426,623,1938,647,2.8994,66000,INLAND
-120.55,36.97,42,1766,344,1084,323,2.3295,74400,INLAND
-119.96,38.93,22,2731,632,1215,483,2.83,110500,INLAND
-119.74,36.76,42,2093,470,1621,438,1.7994,58700,INLAND
-122.09,37.68,41,1382,353,704,314,3.5114,197500,NEAR BAY
-122.1,37.68,31,1892,428,1162,389,3.125,167100,NEAR BAY
-121.85,37.68,4,4719,741,1895,742,6.8132,282500,INLAND
-119.6,36.57,42,2311,439,1347,436,2.5556,69700,INLAND
-122.14,38.03,42,118,34,54,30,2.5795,225000,NEAR BAY
-119.95,38.94,24,2180,517,755,223,2.5875,173400,INLAND
-122.21,37.8,52,3519,711,1883,706,3.4861,187100,NEAR BAY
-121.98,37.82,18,9117,1248,3280,1167,8.003,351300,<1H OCEAN
-121.8,39.64,25,2202,422,1109,403,2.8306,87500,INLAND
-119.78,36.75,35,2114,506,2050,474,1.2375,50000,INLAND
-120.58,38.77,21,1661,406,789,319,2.3583,108700,INLAND
-122.11,37.69,42,1472,310,768,309,3.4643,160900,NEAR BAY
-122.04,37.63,21,1307,236,586,249,4.7813,241900,NEAR BAY
-119.76,36.68,29,1243,312,836,277,1.8355,74200,INLAND
-122.12,37.7,17,2488,617,1287,538,2.9922,179900,NEAR BAY
-122.24,37.8,52,1803,420,1321,401,2.957,122800,NEAR BAY
-122.18,37.76,50,1187,261,907,246,1.9479,89500,NEAR BAY
-122.15,37.69,36,1501,287,703,276,3.8864,197300,NEAR BAY
-122.18,37.78,33,142,31,575,47,3.875,225000,NEAR BAY
-122.17,37.78,42,1524,260,651,267,3.6875,157300,NEAR BAY
-122.0,37.54,26,1910,371,852,357,5.8325,298900,<1H OCEAN
-120.96,38.66,11,2339,436,1062,380,3.9036,180800,INLAND
-122.24,37.83,41,2576,406,794,376,5.956,366100,NEAR BAY
-122.05,37.87,30,2296,329,847,322,6.7192,397500,NEAR BAY
-121.92,37.73,24,1407,327,501,295,2.4821,157200,<1H OCEAN
-119.69,36.69,36,1432,269,836,237,2.1563,88300,INLAND
-121.8,38.0,34,2738,475,1316,459,3.5368,122500,INLAND
-122.05,37.94,22,4162,1194,1804,1185,2.5459,179300,NEAR BAY
-120.91,38.62,12,4545,748,2033,718,4.1843,207600,INLAND
-122.19,37.76,41,921,207,522,159,1.2083,72500,NEAR BAY
-122.27,37.88,52,1693,391,669,367,3.5417,287500,NEAR BAY
-122.06,37.91,15,5393,1422,2133,1288,4.1612,232800,NEAR BAY
-121.83,37.99,16,2919,462,1456,453,5.6779,164700,INLAND
-119.83,36.79,24,3505,819,2098,774,1.9575,67000,INLAND
-119.69,36.83,7,2075,353,1040,362,3.9943,100200,INLAND
-121.89,37.68,22,1898,239,734,245,6.2918,334100,<1H OCEAN
-122.04,37.5,17,407,97,307,100,3.1696,156300,NEAR BAY
-119.8,36.8,43,1951,288,725,308,6.3359,169300,INLAND
-122.27,37.86,52,834,186,494,175,3.15,206300,NEAR BAY
-121.65,39.35,24,1003,251,1098,227,1.7552,86400,INLAND
-122.26,37.88,52,2604,837,1798,769,1.725,287500,NEAR BAY
-122.18,37.81,30,292,38,126,52,6.3624,483300,NEAR BAY
-122.28,37.91,38,2501,348,805,329,6.5576,358500,NEAR BAY
-122.14,37.67,37,3156,534,1495,543,4.8125,188300,NEAR BAY
-122.24,37.8,52,1591,373,1118,347,2.1563,128600,NEAR BAY
-121.94,37.76,4,6875,1439,2889,1307,4.6932,356100,<1H OCEAN
-119.84,36.84,12,2396,290,863,258,8.7716,229200,INLAND
-121.97,37.57,21,4342,783,2172,789,4.6146,247600,<1H OCEAN
-122.12,37.81,26,4048,513,1486,498,7.6717,416500,NEAR BAY
-122.21,37.77,46,1234,375,1183,354,2.3309,98700,NEAR BAY
-121.97,37.8,17,3279,418,1222,381,7.9168,356000,<1H OCEAN
-121.52,39.5,33,1462,241,569,231,3.2833,82600,INLAND
-122.11,37.64,8,3592,849,1907,746,3.6708,197900,NEAR BAY
-122.16,37.74,46,1029,181,567,211,3.4844,129500,NEAR BAY
-122.24,37.81,52,2093,550,918,483,2.7477,243800,NEAR BAY
-119.79,36.77,30,1610,410,1000,397,2.0357,60200,INLAND
-120.01,38.92,23,964,246,485,198,1.7188,96100,INLAND
-122.2,37.77,49,2272,498,1621,483,2.4338,102400,NEAR BAY
-122.14,37.7,17,1463,292,695,330,4.5859,187200,NEAR BAY
-122.28,37.9,52,1369,249,490,248,4.1212,287500,NEAR BAY
-121.95,37.55,21,10687,1540,4552,1520,6.6478,333400,<1H OCEAN
-122.32,37.93,40,1141,213,434,196,3.9464,186900,NEAR BAY
-122.41,37.94,52,154,33,89,38,3.2875,275000,NEAR BAY
-121.72,37.98,5,7105,1143,3523,1088,5.0468,168800,INLAND
-121.83,39.76,12,9831,1921,4644,1775,3.1142,112600,INLAND
-120.55,38.46,16,1443,249,435,181,3.2031,129200,INLAND
-121.89,39.71,26,2741,451,1217,437,3.7007,139200,INLAND
-120.08,36.34,18,1524,414,2030,356,2.1153,112500,INLAND
-122.04,39.22,27,1446,295,670,281,3.2625,92800,INLAND
-122.17,37.88,32,3633,508,1393,506,7.6917,401800,NEAR BAY
-122.29,37.88,48,2365,490,1034,475,3.1065,229200,NEAR BAY
-122.34,37.88,37,3061,930,2556,924,1.7375,350000,NEAR BAY
-122.35,37.97,31,2892,685,2104,641,3.2188,113800,NEAR BAY
-122.13,37.67,38,2012,347,880,332,3.1734,181600,NEAR BAY
-122.19,37.79,28,3144,761,1737,669,2.9297,140500,NEAR BAY
-122.16,37.86,36,3359,493,1298,483,8.1586,404300,NEAR BAY
-121.91,37.47,13,5377,744,2759,760,6.868,337300,<1H OCEAN
-119.52,36.61,33,1225,275,1065,248,1.8958,55100,INLAND
-122.0,37.98,35,1192,201,535,172,4.9219,182000,INLAND
-122.25,37.77,52,1038,220,482,215,3.1771,210200,NEAR BAY
-121.84,37.99,15,2380,385,1292,388,4.6029,142600,INLAND
-120.63,38.75,17,3145,621,1432,559,2.7201,117500,INLAND
-122.26,37.77,52,1565,315,637,297,4.7778,351800,NEAR BAY
-122.3,37.92,33,1615,271,710,285,4.0804,239000,NEAR BAY
-122.19,39.74,39,4179,814,2111,809,2.3507,65600,INLAND
-121.88,37.99,16,3787,515,1606,507,5.5676,174200,INLAND
-119.44,36.59,32,1153,236,761,241,2.825,67600,INLAND
-120.01,38.89,24,1669,422,589,281,3.0089,100800,INLAND
-122.08,37.71,38,1663,295,781,301,5.0519,227000,NEAR BAY
-122.18,37.74,35,504,126,323,109,1.8438,90500,NEAR BAY
-122.02,37.53,21,4280,673,2216,681,5.7072,242200,NEAR BAY
-121.54,39.33,27,720,150,359,138,2.5313,61300,INLAND
-122.21,37.78,47,881,248,753,241,2.625,111300,NEAR BAY
-122.19,37.75,28,856,189,435,162,0.8012,81800,NEAR BAY
-122.27,37.8,16,994,392,800,362,2.0938,162500,NEAR BAY
-119.75,36.76,32,2072,497,2002,470,1.3278,44500,INLAND
-121.86,37.66,22,3634,664,1699,640,4.1597,293200,INLAND
-121.82,39.73,44,2923,659,1371,626,2.2925,85800,INLAND
-119.83,36.77,32,2867,615,1705,570,2.4286,68100,INLAND
-122.33,37.93,34,2326,471,1356,441,2.3475,90300,NEAR BAY
-122.23,38.05,52,1736,358,638,297,2.5517,147100,NEAR BAY
-121.02,38.66,4,7392,1155,3096,1065,4.5246,198900,INLAND
-122.13,37.7,43,3046,557,1333,544,3.4583,183700,NEAR BAY
-121.94,37.53,33,2095,342,941,304,5.761,259600,<1H OCEAN
-121.6,39.77,23,2263,497,1138,455,2.3403,87300,INLAND
-121.95,37.96,18,2739,393,1072,374,6.1436,259500,INLAND
-121.75,39.88,16,2867,559,1203,449,2.7143,95300,INLAND
-119.77,36.78,36,3616,779,1994,786,2.5434,67300,INLAND
-120.78,38.74,28,4236,877,2008,881,2.1603,111300,INLAND
-122.0,37.54,29,4133,744,2023,749,5.1616,275100,<1H OCEAN
-122.29,37.87,46,1267,324,792,321,2.525,165900,NEAR BAY
-122.19,37.79,50,954,217,546,201,2.6667,172800,NEAR BAY
-119.82,36.83,16,2868,376,1016,379,6.1175,144700,INLAND
-122.08,37.71,38,3716,657,1784,652,4.8237,220900,NEAR BAY
-119.81,36.81,33,3972,594,1324,561,5.4513,143300,INLAND
-122.18,37.78,50,1642,322,713,284,3.2984,160700,NEAR BAY
-122.34,37.95,44,1675,317,806,311,3.0694,135300,NEAR BAY
-122.32,37.99,24,4865,968,2315,893,4.2852,173500,NEAR BAY
-119.96,38.94,19,1429,292,585,188,2.2589,131600,INLAND
-122.28,37.81,52,773,143,377,115,2.4083,98200,NEAR BAY
-122.09,39.13,28,4169,895,2587,810,2.331,65500,INLAND
-119.74,36.74,39,4893,1210,4749,1067,1.2065,55600,INLAND
-121.86,39.78,12,7653,1578,3628,1494,3.0905,117800,INLAND
-121.93,37.53,27,5532,973,2855,960,4.7478,243500,<1H OCEAN
-124.3,41.84,17,2677,531,1244,456,3.0313,103600,NEAR OCEAN
-122.12,37.68,37,2412,394,975,375,4.0417,191100,NEAR BAY
-122.29,37.89,52,1571,349,693,326,3.1375,229100,NEAR BAY
-122.03,37.83,24,5948,738,1997,710,9.8708,500001,NEAR BAY
-122.16,37.72,38,1007,245,618,239,2.875,144800,NEAR BAY
-120.38,36.75,25,1689,495,1745,457,1.9056,60000,INLAND
-121.83,37.95,17,1133,244,716,235,2.875,162500,INLAND
-121.9,38.01,16,2604,454,1696,481,4.6628,136000,INLAND
-121.87,38.0,17,2713,442,1475,415,4.8542,144100,INLAND
-120.27,38.29,10,3486,695,298,124,3.3542,103800,INLAND
-122.08,37.63,35,517,108,391,107,4.0682,156900,NEAR BAY
-122.03,37.95,32,1955,313,804,317,4.9485,202300,NEAR BAY
-119.83,36.72,28,60,10,46,13,4.35,67500,INLAND
-122.26,37.88,52,2551,417,894,404,6.2425,391800,NEAR BAY
-122.19,37.75,36,1126,263,482,150,1.9167,82800,NEAR BAY
-122.07,37.99,28,3310,574,1811,597,4.5401,166900,NEAR BAY
-122.28,37.8,52,96,31,191,34,0.75,162500,NEAR BAY
-119.72,36.75,11,4832,993,2190,888,2.6611,74700,INLAND
-121.08,38.67,10,2499,331,1040,333,6.844,239600,INLAND
-122.24,37.8,52,888,168,360,175,2.1944,211500,NEAR BAY
-122.2,39.15,33,1064,174,434,147,3.125,108000,INLAND
-119.73,36.77,24,4410,939,2362,862,2.9406,73000,INLAND
-122.03,37.62,35,1298,236,632,204,3.8929,209500,NEAR BAY
-122.08,37.87,24,6130,1359,1750,1286,2.9167,102700,NEAR BAY
-121.97,37.52,23,4925,948,2530,894,5.0824,230900,<1H OCEAN
-122.24,37.8,52,996,228,731,228,2.2697,127000,NEAR BAY
-122.19,37.74,36,847,212,567,159,1.1765,87100,NEAR BAY
-122.18,37.75,45,990,261,901,260,2.1731,82000,NEAR BAY
-122.08,39.25,52,224,38,120,45,3.017,112500,INLAND
-122.07,37.89,38,757,124,319,123,5.6558,263300,NEAR BAY
-122.03,37.93,21,4712,624,1773,615,6.0918,344800,NEAR BAY
-122.07,37.71,40,1808,302,746,270,5.3015,254900,NEAR BAY
-122.06,37.89,21,4985,1590,2575,1458,3.1002,114300,NEAR BAY
-120.98,38.68,5,4810,909,2242,900,3.2964,176900,INLAND
-122.34,37.95,38,1340,298,766,241,3.2833,111700,NEAR BAY
-122.22,37.78,50,1776,473,1807,440,1.7276,102300,NEAR BAY
-122.26,37.85,52,2491,474,1098,468,3.075,213500,NEAR BAY
-121.59,39.86,14,1527,269,665,261,2.8657,119600,INLAND
-122.0,37.84,16,7681,946,2777,908,9.5271,500001,<1H OCEAN
-122.02,37.6,31,2155,522,1858,437,2.652,159800,NEAR BAY
-119.43,36.63,25,1784,312,904,303,3.625,107600,INLAND
-122.19,37.8,46,1938,341,768,332,4.2727,246900,NEAR BAY
-119.77,36.73,45,1081,241,821,230,1.7829,52600,INLAND
-122.04,37.99,38,2675,541,1378,480,3.8897,139900,NEAR BAY
-121.83,37.99,23,1150,174,572,174,4.9167,152400,INLAND
-120.22,36.49,14,1508,347,1679,345,2.4786,56000,INLAND
-119.76,36.79,26,3654,837,1976,830,2.1544,72800,INLAND
-119.76,36.77,38,3804,814,2142,816,2.1439,60200,INLAND
-122.23,37.77,52,769,206,612,183,2.57,72000,NEAR BAY
-121.8,37.7,22,5533,943,2474,910,4.7361,216800,INLAND
-122.26,37.88,52,2255,410,823,377,5.7979,415300,NEAR BAY
-121.84,39.74,43,2976,599,1181,560,2.2621,85100,INLAND
-122.03,37.6,24,2077,383,1488,389,4.5721,214700,NEAR BAY
-122.27,37.98,23,3455,479,1375,474,6.0289,218600,NEAR BAY
-120.79,38.7,13,5036,1034,2243,923,2.3319,138500,INLAND
-122.02,37.95,25,1205,260,608,272,2.4519,208300,NEAR BAY
-121.98,37.8,16,2498,330,1027,343,8.155,343700,<1H OCEAN
-121.96,37.53,18,2375,652,1252,586,2.6198,235900,<1H OCEAN
-119.82,36.75,41,1022,209,741,213,2.0781,48800,INLAND
-122.28,37.83,52,1511,390,901,403,1.4103,103900,NEAR BAY
-120.0,38.92,17,1106,207,466,180,3.3295,126600,INLAND
-122.13,37.68,44,2147,399,1175,401,4.1974,179300,NEAR BAY
-122.02,38.0,28,2965,533,1591,472,4.6375,178200,NEAR BAY
-119.76,36.83,20,3214,446,1360,463,5.2595,110900,INLAND
-122.22,37.81,52,1971,335,765,308,6.5217,273700,NEAR BAY
-122.09,37.69,20,4296,817,1732,800,4.8036,188300,NEAR BAY
-120.56,38.09,34,2745,559,1150,491,2.3654,94900,INLAND
-121.93,38.01,9,2294,389,1142,365,5.3363,160800,INLAND
-121.95,37.74,19,1127,170,518,167,6.3325,250000,<1H OCEAN
-122.22,37.81,52,2927,402,1021,380,8.1564,390100,NEAR BAY
-121.86,38.0,16,3216,464,1504,453,5.25,161700,INLAND
-122.2,37.8,52,1547,293,706,268,4.7721,217100,NEAR BAY
-122.16,37.74,43,1534,300,826,295,4.0417,109400,NEAR BAY
-120.27,36.29,11,1337,412,1376,318,2.4398,87500,INLAND
-122.07,37.71,36,2879,480,1235,455,4.9801,241500,NEAR BAY
-122.31,37.91,39,2955,696,1417,682,2.7628,167800,NEAR BAY
-122.14,37.75,33,1334,200,579,202,6.8323,255900,NEAR BAY
-121.0,38.58,12,3425,549,1357,451,5.3344,217500,INLAND
-122.17,37.74,47,463,134,327,137,2.15,97200,NEAR BAY
-121.9,38.0,14,2677,368,1288,375,6.0497,177500,INLAND
-121.84,39.75,29,4362,1053,2053,1000,1.7284,74500,INLAND
-119.74,36.65,19,2546,463,1257,418,2.9013,89500,INLAND
-121.51,39.97,22,1468,285,611,235,2.3036,73000,INLAND
-122.1,37.96,25,1374,206,569,235,6.3699,235500,NEAR BAY
-122.29,37.92,36,1450,235,568,234,6.0,311400,NEAR BAY
-122.1,37.71,27,6740,1073,2723,1035,5.2131,252500,NEAR BAY
-121.9,38.02,5,1560,369,1037,372,3.6154,181800,INLAND
-122.3,37.93,34,2254,357,715,306,4.5,304000,NEAR BAY
-122.06,37.67,22,3882,816,1830,743,4.2733,180700,NEAR BAY
-121.61,39.77,25,1612,313,837,303,2.963,89500,INLAND
-120.13,39.06,22,2465,539,381,146,2.875,87500,INLAND
-122.14,37.72,39,786,132,288,132,3.5156,218900,NEAR BAY
-119.81,36.74,36,607,155,483,146,1.5625,47500,INLAND
-122.24,37.85,52,1467,190,496,177,7.2574,352100,NEAR BAY
-122.14,37.73,38,1723,394,711,353,3.0673,218400,NEAR BAY
-122.08,37.68,26,1167,370,253,137,2.4196,275000,NEAR BAY
-122.08,37.66,33,1547,372,1063,356,2.5625,154300,NEAR BAY
-119.95,36.8,30,1233,214,620,199,3.4297,112500,INLAND
-121.81,37.99,18,2807,445,1315,437,4.8194,170400,INLAND
-122.27,37.84,52,1503,298,690,275,2.6033,162900,NEAR BAY
-119.94,38.96,20,1451,386,467,255,1.5536,212500,INLAND
-122.23,37.8,52,1192,289,772,257,2.3833,146900,NEAR BAY
-119.79,36.75,52,377,97,530,96,1.0,45000,INLAND
-122.19,37.73,44,1066,253,825,244,2.1538,79700,NEAR BAY
-122.29,37.9,49,1283,238,576,236,3.3333,276800,NEAR BAY
-119.54,36.61,20,1490,318,1474,326,1.4937,54700,INLAND
-122.13,37.77,24,2459,317,916,324,7.0712,293000,NEAR BAY
-121.78,37.67,28,1773,278,804,269,4.8571,201100,INLAND
-122.28,37.86,49,2932,668,1361,608,1.9798,147400,NEAR BAY
-122.28,37.89,52,1225,169,412,168,5.7912,327100,NEAR BAY
-119.82,36.84,9,2340,544,860,520,3.3229,119300,INLAND
-119.87,36.79,8,2875,548,1718,551,3.6522,80200,INLAND
-122.08,37.68,37,848,202,314,205,2.3958,190800,NEAR BAY
-122.09,37.67,33,2431,655,1854,603,2.7019,154000,NEAR BAY
-122.27,37.99,16,4921,737,2312,725,5.8899,243200,NEAR BAY
-122.02,37.97,36,2342,436,1191,416,4.0,171000,NEAR BAY
-122.18,37.73,43,1391,293,855,285,2.5192,76400,NEAR BAY
-121.7,39.37,32,1852,373,911,365,1.7885,57000,INLAND
-119.81,36.79,39,2471,460,1118,431,2.4167,71900,INLAND
-122.23,37.81,52,2814,365,878,352,7.508,348700,NEAR BAY
-121.99,37.81,17,465,83,146,75,4.9018,188500,<1H OCEAN
-122.06,37.6,18,1726,276,1186,310,5.3226,231700,NEAR BAY
-122.29,37.86,50,2485,607,1354,563,1.9483,150500,NEAR BAY
-121.5,39.83,15,1896,408,893,334,1.6948,87500,INLAND
-120.38,36.15,17,2279,448,1200,420,2.7461,70000,INLAND
-122.3,37.89,46,1520,402,815,375,2.8036,211600,NEAR BAY
-122.26,37.83,50,1125,322,616,304,2.026,142500,NEAR BAY
-122.16,37.7,36,1719,303,836,311,4.4375,193500,NEAR BAY
-122.13,37.7,19,3516,710,1810,703,3.9032,218000,NEAR BAY
-122.15,37.74,49,1325,277,764,282,3.3125,118000,NEAR BAY
-119.99,36.8,45,1270,242,598,214,3.2813,105400,INLAND
-121.99,37.97,28,2839,428,1372,443,6.2135,217200,INLAND
-122.04,37.54,26,2145,369,1285,377,4.9464,223800,NEAR BAY
-122.22,37.79,37,2343,574,1608,523,2.1494,132500,NEAR BAY
-122.05,37.93,5,4274,1153,1503,881,4.0473,266500,NEAR BAY
-119.84,36.77,6,1853,473,1397,417,1.4817,72000,INLAND
-122.15,37.74,41,856,178,571,191,3.1458,130600,NEAR BAY
-122.32,37.94,46,1901,295,833,352,5.5196,210800,NEAR BAY
-121.79,38.0,36,1141,234,562,213,2.5893,108500,INLAND
-119.73,36.68,32,755,205,681,207,1.7986,49300,INLAND
-121.72,37.7,17,1671,352,729,252,6.1023,450000,INLAND
-122.1,37.69,44,2341,500,1256,485,2.9507,157100,NEAR BAY
-122.26,37.88,52,1149,255,483,249,4.2788,332500,NEAR BAY
-119.67,36.83,3,2029,336,1003,340,4.4356,111300,INLAND
-122.33,37.98,32,1967,348,1144,364,4.4135,150100,NEAR BAY
-122.28,37.87,52,1813,353,828,339,3.5625,191700,NEAR BAY
-122.26,37.86,52,3774,744,1461,679,2.9405,289500,NEAR BAY
-122.23,37.84,47,3175,454,1098,485,5.2868,347600,NEAR BAY
-121.52,39.43,15,2119,389,1079,374,2.3566,80400,INLAND
-119.75,36.75,49,2331,460,1290,477,2.5111,55400,INLAND
-122.03,37.54,6,2918,672,1911,639,4.1406,178200,NEAR BAY
-122.23,37.76,52,3037,516,1242,518,5.2128,289900,NEAR BAY
-122.05,37.95,22,5175,1213,2804,1091,2.85,144600,NEAR BAY
-120.88,38.58,8,3417,604,1703,623,4.0827,170700,INLAND
-119.92,36.77,18,1422,243,702,230,3.6204,119800,INLAND
-119.8,36.7,28,1592,304,962,282,1.3304,51300,INLAND
-122.12,37.69,10,2227,560,1140,472,2.3973,167300,NEAR BAY
-119.72,36.8,23,2128,442,1047,450,2.625,71500,INLAND
-122.21,38.06,52,2735,559,1076,487,3.6154,155700,NEAR BAY
-119.53,36.65,43,1676,320,1056,276,2.5562,93200,INLAND
-121.87,37.99,15,2203,312,1051,311,4.9783,163900,INLAND
-119.71,36.8,17,1415,267,861,293,3.25,81400,INLAND
-122.33,37.95,22,2099,569,1135,509,2.1915,120800,NEAR BAY
-122.26,37.77,52,1210,168,411,172,3.3571,405400,NEAR BAY
-122.32,37.92,29,2304,399,1377,454,5.0187,140600,NEAR BAY
-122.34,37.93,45,2225,486,1304,459,2.64,112100,NEAR BAY
-122.16,37.77,48,977,194,446,180,4.7708,156300,NEAR BAY
-119.31,36.62,25,831,230,947,244,1.4481,51700,INLAND
-119.76,36.8,20,6257,1346,2795,1267,2.2094,83700,INLAND
-120.81,38.67,14,8396,1578,3952,1474,3.0565,118800,INLAND
-121.55,39.51,48,827,198,396,161,0.8024,58300,INLAND
-122.15,37.7,36,1468,252,733,229,3.4583,192600,NEAR BAY
-122.23,37.78,52,986,258,1008,255,1.4844,119400,NEAR BAY
-122.03,37.99,37,1755,327,882,350,4.59,166600,NEAR BAY
-122.18,37.73,42,909,215,646,198,2.9063,80000,NEAR BAY
-119.67,36.8,9,3712,508,1632,474,6.011,163100,INLAND
-118.94,37.13,12,2255,472,1006,334,4.1563,94000,INLAND
-119.59,36.72,18,1284,193,621,190,4.5375,130600,INLAND
-122.03,38.01,27,3228,562,1666,588,4.5707,175900,NEAR BAY
-121.59,39.74,17,1646,330,750,344,2.3798,83800,INLAND
-119.78,36.76,50,1343,322,1063,342,1.75,49800,INLAND
-122.06,37.64,33,1160,252,729,220,3.8259,146100,NEAR BAY
-119.56,36.71,37,1609,374,1173,344,2.181,59900,INLAND
-121.79,37.67,26,2163,339,947,346,6.0797,211000,INLAND
-121.97,37.76,8,3743,581,1633,567,6.7027,381900,<1H OCEAN
-122.25,37.84,52,2535,489,1094,514,3.6591,299200,NEAR BAY
-122.07,37.97,20,1705,353,856,341,3.7262,211800,NEAR BAY
-122.3,37.87,10,503,118,228,100,2.1705,150000,NEAR BAY
-122.42,37.93,47,3453,779,1353,728,4.016,274500,NEAR BAY
-119.89,36.64,34,1422,237,716,222,2.975,90000,INLAND
-122.25,37.87,42,1756,465,2184,422,2.5562,371400,NEAR BAY
-122.16,37.71,37,1507,242,632,253,4.5553,191000,NEAR BAY
-122.2,37.79,44,1621,452,1354,491,2.619,134700,NEAR BAY
-122.24,37.8,49,2838,749,1487,677,2.5238,169300,NEAR BAY
-119.82,36.72,17,1276,242,927,238,2.6176,54100,INLAND
-122.35,37.92,36,921,200,585,236,1.9224,94000,NEAR BAY
-119.79,36.75,33,3161,934,3530,846,1.123,46700,INLAND
-119.76,36.72,24,1240,265,1035,232,2.875,60600,INLAND
-122.13,38.02,52,2378,508,940,451,2.9583,166000,NEAR BAY
-122.26,37.78,52,1045,239,496,216,2.9213,190800,NEAR BAY
-123.92,41.54,22,2920,636,1382,499,2.0202,71100,NEAR OCEAN
-121.78,37.69,34,2358,498,1157,461,3.3618,174600,INLAND
-122.09,37.66,40,1340,313,766,271,3.4722,135400,NEAR BAY
-122.08,37.66,37,1997,436,1349,437,2.1382,166600,NEAR BAY
-119.71,36.83,5,1087,338,623,362,1.8061,113400,INLAND
-121.94,37.75,17,2559,370,1238,377,6.2781,269800,<1H OCEAN
-119.86,36.8,18,2536,516,1196,466,2.5595,67900,INLAND
-119.9,36.79,22,1970,332,1066,319,3.3125,106100,INLAND
-121.93,37.54,25,1354,192,596,220,6.629,352400,<1H OCEAN
-119.77,36.76,40,2009,519,2219,505,1.2101,49100,INLAND
-119.78,36.83,18,4164,741,1817,681,4.2153,95200,INLAND
-120.56,38.48,14,3545,702,946,411,3.4609,120900,INLAND
-122.35,37.93,41,268,75,198,82,3.2222,156300,NEAR BAY
-121.71,37.99,27,3861,718,2085,707,3.3558,129700,INLAND
-121.84,39.73,52,502,100,311,100,1.5481,200000,INLAND
-122.09,37.68,29,2333,538,1120,540,2.4042,205600,NEAR BAY
-122.23,37.8,52,1252,299,844,280,2.3929,111900,NEAR BAY
-121.99,37.54,28,3046,507,1772,516,5.3283,227900,<1H OCEAN
-119.58,36.69,42,1032,215,812,225,1.9766,58100,INLAND
-122.25,37.79,50,629,188,742,196,2.6458,125000,NEAR BAY
-122.27,37.82,43,1007,312,558,253,1.7348,137500,NEAR BAY
-119.74,36.83,14,4675,829,2235,787,4.1098,108200,INLAND
-121.96,37.52,26,4211,741,2352,734,5.2396,223900,<1H OCEAN
-121.82,38.02,46,176,43,101,40,2.2361,93800,INLAND
-119.77,36.75,39,1287,332,1386,306,1.5227,46900,INLAND
-122.29,37.81,49,844,204,560,152,1.75,75000,NEAR BAY
-122.08,37.97,9,2643,439,1105,467,6.6579,245200,NEAR BAY
-122.25,37.8,43,2344,647,1710,644,1.6504,151800,NEAR BAY
-120.65,38.28,21,3095,681,1341,546,2.1382,104000,INLAND
-121.65,38.03,28,3144,694,1095,482,3.4402,192400,INLAND
-122.07,37.63,27,2784,723,2028,693,2.4808,157600,NEAR BAY
-122.28,37.86,52,3007,691,1582,636,2.5652,157700,NEAR BAY
-119.81,36.8,29,2806,552,1242,540,3.5958,88800,INLAND
-122.2,37.8,41,2070,354,804,340,5.1184,239600,NEAR BAY
-121.99,37.83,16,2939,380,1177,396,8.0839,372000,<1H OCEAN
-121.85,39.74,41,2901,689,1426,632,1.5633,84500,INLAND
-121.55,39.5,26,3215,827,2041,737,1.0585,45100,INLAND
-122.31,37.91,31,1432,348,681,348,2.7243,218100,NEAR BAY
-121.88,37.66,29,2702,680,1360,642,3.1127,233000,INLAND
-122.13,37.67,42,3592,703,1625,665,3.2434,179900,NEAR BAY
-121.96,37.58,15,3575,597,1777,559,5.7192,283500,<1H OCEAN
-119.69,36.79,15,2524,451,1207,424,2.7404,76300,INLAND
-121.98,37.97,26,2714,390,1232,409,5.9617,231100,INLAND
-122.28,37.82,52,945,243,576,220,1.4113,83100,NEAR BAY
-119.68,36.81,16,2668,454,1536,457,3.9792,88900,INLAND
-121.62,39.79,11,3835,727,1456,658,2.5374,97200,INLAND
-120.0,38.52,16,3045,543,202,102,3.15,140600,INLAND
-122.04,37.96,27,2587,729,1500,623,1.837,175000,NEAR BAY
-122.05,37.92,14,12713,2558,4741,2412,4.7094,234700,NEAR BAY
-122.17,37.75,47,998,211,597,185,3.1587,100400,NEAR BAY
-122.34,37.99,42,1531,326,1271,377,2.6167,85100,NEAR BAY
-121.93,37.74,16,3326,419,1272,402,6.8806,343500,<1H OCEAN
-122.05,37.54,25,4209,731,2568,703,5.2882,223100,NEAR BAY
-122.08,37.96,21,9135,1534,3748,1502,6.0859,266000,NEAR BAY
-121.82,37.81,12,4711,659,2089,621,8.3209,485400,INLAND
-122.15,37.75,40,1445,256,849,255,3.8913,126300,NEAR BAY
-119.76,36.83,17,3690,628,1888,601,4.0196,84200,INLAND
-122.34,37.95,39,1986,427,1041,385,3.2333,135100,NEAR BAY
-122.31,37.91,43,2549,511,1060,528,3.6417,178400,NEAR BAY
-122.35,37.96,34,1428,335,1272,319,2.5461,93900,NEAR BAY
-121.89,37.69,4,6159,1510,2649,1241,3.62,139300,<1H OCEAN
-119.77,36.91,3,7520,1143,2878,1077,5.3272,174200,INLAND
-121.66,39.66,17,3502,655,1763,613,2.9625,101200,INLAND
-121.67,39.37,27,2599,502,1241,502,1.9943,86300,INLAND
-122.2,37.8,46,2041,405,1059,399,3.8487,203300,NEAR BAY
-119.62,36.58,13,1788,405,1652,411,2.6858,62400,INLAND
-122.03,37.96,20,2636,691,1142,627,2.1083,162500,NEAR BAY
-121.89,39.76,15,10265,1860,4591,1906,3.07,142600,INLAND
-122.11,37.87,33,3398,500,1351,457,6.5814,314200,NEAR BAY
-119.97,36.44,18,1128,237,772,220,2.1771,39200,INLAND
-120.06,39.01,19,2967,528,112,48,4.0714,437500,INLAND
-122.2,37.77,39,2689,597,1888,537,2.2562,94800,NEAR BAY
-121.56,39.69,8,2836,522,1163,512,3.13,168300,INLAND
-122.07,37.66,21,5031,1168,2461,1042,3.875,179300,NEAR BAY
-122.36,37.95,38,1042,289,773,248,2.7714,104700,NEAR BAY
-120.55,38.43,18,1564,357,618,277,2.3549,108900,INLAND
-122.26,37.8,20,2373,779,1659,676,1.6929,115000,NEAR BAY
-119.79,36.78,41,2227,462,1129,415,2.319,59100,INLAND
-119.81,36.71,25,1026,221,789,183,1.5625,52800,INLAND
-120.46,38.15,16,4221,781,1516,697,2.3816,116000,INLAND
-121.99,37.55,28,2414,415,1106,453,4.8403,268600,<1H OCEAN
-122.12,38.01,50,1738,355,837,363,3.609,135700,NEAR BAY
-122.16,37.7,36,1097,208,568,225,2.9917,194600,NEAR BAY
-122.01,37.98,34,1256,267,638,252,4.0507,161000,NEAR BAY
-119.55,36.71,32,1963,508,2052,518,1.9076,55800,INLAND
-121.85,38.0,26,3364,570,1806,566,4.2647,133400,INLAND
-122.36,37.94,26,1540,343,1007,338,1.3365,72900,NEAR BAY
-119.79,36.76,52,2408,498,1361,465,2.1055,61300,INLAND
-119.99,38.94,24,1216,289,421,185,3.1625,103600,INLAND
-122.3,37.81,52,1224,237,521,159,1.191,76100,NEAR BAY
-119.62,36.56,30,1722,372,1467,403,1.8878,51600,INLAND
-122.0,37.96,28,4071,713,2033,647,4.5833,190700,INLAND
-122.22,37.8,52,2183,465,1129,460,3.2632,227700,NEAR BAY
-119.73,36.81,19,1699,356,994,368,2.7778,79700,INLAND
-121.85,37.66,14,4236,701,1833,663,5.6399,300600,INLAND
-122.21,37.77,52,591,173,353,137,4.0904,80600,NEAR BAY
-122.07,37.93,25,7201,1521,3264,1433,3.7433,252100,NEAR BAY
-120.54,38.75,9,3006,540,1102,418,3.9812,136600,INLAND
-121.9,38.02,12,1497,360,943,341,2.1417,122200,INLAND
-121.72,38.0,7,7957,1314,4460,1293,4.9618,156500,INLAND
-122.16,37.76,45,2299,514,1437,484,2.5122,95500,NEAR BAY
-119.32,37.06,15,3111,651,276,107,5.1314,179200,INLAND
-119.76,36.79,32,2463,468,1261,486,3.3281,75100,INLAND
-119.7,36.8,34,1768,303,888,314,3.8088,87700,INLAND
-120.72,38.24,32,2685,543,1061,492,2.5473,101600,INLAND
-121.59,39.39,22,2515,482,1284,462,2.1776,73800,INLAND
-122.22,37.81,52,2944,536,1034,521,5.3509,302100,NEAR BAY
-119.58,36.83,13,6135,863,2473,774,5.4895,156700,INLAND
-122.13,37.75,30,414,54,137,50,4.975,311100,NEAR BAY
-122.32,37.93,40,3056,489,1103,481,5.1067,247300,NEAR BAY
-119.8,36.79,45,1337,187,471,187,5.187,153800,INLAND
-122.27,37.78,52,1408,280,718,265,2.6806,207900,NEAR BAY
-120.09,36.19,12,1923,559,2809,535,1.4191,55100,INLAND
-119.76,36.76,23,3800,1003,3786,917,1.4766,50600,INLAND
-122.25,37.8,36,1678,606,1645,543,2.2303,116700,NEAR BAY
-122.27,37.83,49,1215,282,570,264,1.4861,97200,NEAR BAY
-119.82,36.79,35,1474,291,709,294,2.6522,65900,INLAND
-121.82,38.01,50,1120,281,625,239,1.5988,96400,INLAND
-121.87,37.66,39,522,116,161,102,2.4896,238500,INLAND
-122.11,37.66,29,2544,643,2332,603,3.2091,150000,NEAR BAY
-119.69,36.79,5,2613,476,1490,481,4.0993,83000,INLAND
-119.92,38.91,15,3831,625,984,328,5.0718,162500,INLAND
-120.88,38.32,18,2791,492,1187,438,3.2589,103000,INLAND
-122.01,37.97,32,3012,527,1288,512,3.6449,211500,NEAR BAY
-119.46,36.6,18,1404,226,754,229,3.9844,118100,INLAND
-122.16,39.78,32,1288,221,562,203,2.325,69600,INLAND
-122.2,37.76,37,2680,736,1925,667,1.4097,84600,NEAR BAY
-121.92,38.03,16,2176,464,1410,434,3.5436,100200,INLAND
-122.34,37.93,30,2515,481,1327,428,2.1287,95000,NEAR BAY
-122.34,37.94,31,1611,455,786,411,1.681,145500,NEAR BAY
-122.12,38.01,42,2225,367,864,381,4.1189,172400,NEAR BAY
-122.16,37.83,16,4596,705,1480,650,7.52,370200,NEAR BAY
-119.74,36.76,36,912,216,842,219,1.4766,52800,INLAND
-122.27,37.91,47,1930,315,692,296,6.3669,315500,NEAR BAY
-121.95,37.54,29,3517,645,1724,585,4.6641,248900,<1H OCEAN
-122.18,37.81,37,1643,262,620,266,5.4446,336700,NEAR BAY
-122.03,37.56,24,8444,1492,4446,1491,4.6978,240300,NEAR BAY
-119.87,36.54,34,1370,287,818,269,2.4044,72500,INLAND
-119.79,36.72,41,1562,322,927,277,1.3047,44100,INLAND
-119.77,36.74,20,1855,519,1091,443,1.5547,93900,INLAND
-122.25,37.81,39,854,242,389,228,3.125,237500,NEAR BAY
-121.92,37.48,23,4314,676,1972,623,5.3813,264400,<1H OCEAN
-119.83,36.75,33,662,183,607,181,1.3929,55600,INLAND
-122.31,37.93,36,2403,408,917,404,5.0399,253400,NEAR BAY
-122.22,37.79,44,1487,314,961,272,3.5156,109500,NEAR BAY
-121.74,39.38,27,2596,435,1100,409,2.3243,85500,INLAND
-122.03,37.97,20,3968,931,2629,903,2.9915,166700,NEAR BAY
-122.28,37.79,30,4145,869,3668,855,2.5444,275000,NEAR BAY
-122.15,37.74,52,1394,223,545,230,3.95,219000,NEAR BAY
-122.16,37.75,40,1227,294,928,261,1.8235,95200,NEAR BAY
-122.15,37.69,38,1246,221,637,222,3.6625,184600,NEAR BAY
-120.66,38.61,19,2715,596,1301,473,2.5042,126400,INLAND
-119.75,36.87,3,13802,2244,5226,1972,5.0941,143700,INLAND
-122.24,37.83,52,2449,312,916,316,8.1194,471600,NEAR BAY
-122.09,37.65,27,2630,722,1414,634,2.8203,195200,NEAR BAY
-119.86,36.82,12,1488,253,675,223,4.7622,89300,INLAND
-122.26,37.77,52,1704,371,663,340,4.226,275000,NEAR BAY
-122.07,37.66,28,2280,610,1255,587,2.6719,161200,NEAR BAY
-122.19,37.77,45,1852,393,1132,349,2.7159,101400,NEAR BAY
-122.2,37.81,45,2964,436,1067,426,6.7851,323500,NEAR BAY
-122.26,38.03,41,1631,282,752,288,3.9345,150200,NEAR BAY
-122.32,37.97,33,1595,292,991,300,4.6937,134100,NEAR BAY
-122.24,37.81,52,2485,313,953,327,6.8591,352400,NEAR BAY
-122.35,37.91,4,2851,798,1285,712,4.2895,186800,NEAR BAY
-122.23,37.79,48,1696,396,1481,343,2.0375,122500,NEAR BAY
-119.73,36.75,39,1745,321,901,303,3.1719,67900,INLAND
-122.06,37.63,12,6711,1374,3388,1289,3.8625,208900,NEAR BAY
-122.26,37.83,52,2432,715,1377,696,2.5898,176000,NEAR BAY
-122.11,37.83,19,5130,741,1887,712,7.203,369900,NEAR BAY
-119.98,38.94,25,1339,328,503,219,1.9018,109700,INLAND
-121.78,39.71,8,140,28,84,29,2.125,179200,INLAND
-121.57,39.74,17,1619,292,705,285,2.4623,126100,INLAND
-121.6,39.75,19,2888,591,984,499,1.9766,92600,INLAND
-119.83,36.83,14,2351,341,1128,363,6.9903,141200,INLAND
-122.27,37.82,21,896,453,735,438,0.9218,171900,NEAR BAY
-122.15,37.72,29,4169,1047,2024,962,2.8125,157400,NEAR BAY
-121.75,39.4,29,1687,327,864,334,2.4943,81900,INLAND
-122.11,37.89,32,2372,516,1067,492,4.3235,279500,NEAR BAY
-122.01,37.57,14,16199,2993,8117,2847,5.8322,281800,NEAR BAY
-121.71,39.42,21,1432,284,862,275,2.2813,57600,INLAND
-119.69,36.75,6,1926,303,965,316,4.7463,93100,INLAND
-120.37,36.15,34,2084,339,868,347,4.381,86300,INLAND
-122.07,37.91,28,1731,295,810,295,5.0391,259800,NEAR BAY
-121.89,37.67,20,2948,471,1181,474,6.0604,247900,INLAND
-119.68,36.83,11,2455,344,1110,339,6.1133,120000,INLAND
-122.26,37.87,52,1087,371,3337,350,1.4012,175000,NEAR BAY
-122.18,37.79,41,1411,233,626,214,7.0875,240700,NEAR BAY
-121.87,37.66,52,775,134,315,123,5.0677,233300,INLAND
-119.87,36.76,34,1649,323,919,316,2.875,74500,INLAND
-119.8,36.78,50,1818,374,737,338,2.2614,73000,INLAND
-122.22,37.77,52,391,128,520,138,1.6471,95000,NEAR BAY
-119.59,36.52,35,990,192,674,178,3.3214,101600,INLAND
-122.09,37.68,41,1834,463,1105,467,2.8322,170300,NEAR BAY
-119.79,36.76,52,1185,260,635,239,1.175,56100,INLAND
-119.67,36.83,4,2145,334,1024,308,5.0864,113700,INLAND
-121.58,39.52,25,2409,490,1384,479,1.9956,58000,INLAND
-119.98,38.92,28,1408,312,522,221,2.0708,89600,INLAND
-121.96,37.95,13,3216,765,1627,715,3.0859,167800,INLAND
-122.14,37.77,27,2229,365,1297,355,4.8304,279100,NEAR BAY
-122.01,37.53,19,4572,712,2346,709,6.0667,245700,NEAR BAY
-122.1,37.67,34,3659,897,2479,903,2.9564,150500,NEAR BAY
-121.58,39.79,19,2636,523,1184,465,2.7863,108600,INLAND
-121.56,39.51,46,1885,385,871,347,1.6352,53100,INLAND
-122.04,37.58,14,14917,2708,8012,2606,5.6277,269800,NEAR BAY
-122.19,37.77,52,2329,445,1144,417,3.5114,151200,NEAR BAY
-122.32,37.93,33,296,73,216,63,2.675,22500,NEAR BAY
-122.01,37.97,34,3259,498,1250,478,5.3794,206200,NEAR BAY
-120.87,38.37,28,3998,765,1614,698,2.8125,113400,INLAND
-121.59,39.75,20,908,206,481,211,2.2,80800,INLAND
-122.23,37.76,52,1049,185,374,176,4.1458,248500,NEAR BAY
-122.38,37.91,18,3507,711,1224,676,5.0524,269800,NEAR BAY
-122.32,37.94,38,2751,522,1390,489,3.7277,165100,NEAR BAY
-120.67,38.19,17,2967,611,1387,564,2.0417,92600,INLAND
-121.86,37.7,13,9621,1344,4389,1391,6.6827,313700,INLAND
-121.93,37.73,23,2564,347,1043,351,6.2048,275000,<1H OCEAN
-122.18,39.75,30,4157,834,1885,774,1.6948,67500,INLAND
-122.15,37.75,44,1938,399,946,331,3.225,135800,NEAR BAY
-122.03,37.91,29,5438,871,2310,890,5.0362,275300,NEAR BAY
-122.18,37.74,42,541,154,380,123,2.3456,83500,NEAR BAY
-121.84,37.99,13,4545,952,2188,901,3.3625,126100,INLAND
-119.84,36.79,21,3235,648,1820,614,3.3447,71400,INLAND
-122.22,37.79,49,1826,450,1201,424,2.5,136700,NEAR BAY
-120.81,38.73,38,2005,385,882,353,2.5104,120500,INLAND
-121.64,39.74,20,1808,334,763,335,2.3711,121800,INLAND
-119.76,36.75,41,1576,417,1567,366,1.2545,45500,INLAND
-122.17,37.75,41,1257,271,828,230,2.5043,92300,NEAR BAY
-122.13,37.72,26,2862,394,1030,397,7.912,367300,NEAR BAY
-122.2,38.04,31,3029,500,1236,487,5.6022,197000,NEAR BAY
-122.24,37.85,52,2612,365,901,367,7.2354,391100,NEAR BAY
-120.93,38.26,13,2084,449,834,305,3.2937,114200,INLAND
-121.9,38.04,36,1489,331,838,259,1.2024,90200,INLAND
-122.27,37.9,42,1650,274,645,256,5.6228,375400,NEAR BAY
-122.03,37.92,23,3318,408,1124,393,6.5847,358800,NEAR BAY
-120.38,36.76,25,991,272,941,262,1.8125,58000,INLAND
-122.34,37.95,44,1788,368,933,329,2.875,133400,NEAR BAY
-121.97,37.93,4,3241,464,1552,494,6.6134,307000,INLAND
-119.74,36.8,18,10862,2401,5466,2209,2.4678,74300,INLAND
-122.08,37.62,27,1826,309,1016,313,5.64,206500,NEAR BAY
-121.76,37.68,32,1078,207,555,197,3.1856,186900,INLAND
-119.43,36.59,15,1371,306,1266,309,1.767,63300,INLAND
-122.06,37.63,23,1939,356,841,364,3.3611,169200,NEAR BAY
-121.57,39.78,18,2221,459,952,440,2.0458,105700,INLAND
-122.18,37.7,36,2639,533,1209,519,4.0268,205500,NEAR BAY
-122.0,37.96,32,3364,666,1980,678,3.7,179000,INLAND
-122.13,37.66,19,862,167,407,183,4.3456,163000,NEAR BAY
-122.28,37.87,46,3022,696,1293,675,2.543,220700,NEAR BAY
-122.18,37.74,46,2103,391,1339,354,2.2467,88900,NEAR BAY
-121.36,39.52,15,2490,527,1229,497,2.3917,85700,INLAND
-119.85,36.43,23,1824,354,1146,362,2.8913,60900,INLAND
-122.28,37.88,52,1844,332,769,334,4.2614,261300,NEAR BAY
-122.33,39.1,10,266,62,154,49,2.25,75000,INLAND
-122.19,37.82,32,1835,264,635,263,8.317,365900,NEAR BAY
-122.25,37.8,42,4120,1065,1715,1015,2.9345,225000,NEAR BAY
-122.08,37.9,32,1075,170,486,173,5.0499,306800,NEAR BAY
-122.04,37.55,23,3170,532,1446,515,4.4357,291700,NEAR BAY
-122.25,38.02,16,1803,267,946,266,5.7001,205100,NEAR BAY
-122.04,37.89,33,2423,322,998,346,7.5349,349100,NEAR BAY
-122.31,38.0,26,3735,641,1708,633,4.621,191100,NEAR BAY
-122.15,37.72,31,1616,372,739,379,2.9097,210900,NEAR BAY
-119.98,38.93,25,1262,293,534,226,2.6607,90400,INLAND
-122.33,37.91,36,1954,513,1437,440,1.125,93800,NEAR BAY
-119.98,38.93,28,1194,272,494,203,2.3281,85800,INLAND
-122.08,37.87,26,2405,564,680,531,2.4896,73400,NEAR BAY
-122.07,37.96,37,1217,199,552,194,5.0445,196200,NEAR BAY
-121.57,39.48,15,202,54,145,40,0.8252,42500,INLAND
-122.01,37.98,29,2001,373,956,370,4.317,194000,NEAR BAY
-121.93,37.76,5,2255,269,876,258,10.3345,461400,<1H OCEAN
-122.16,38.02,40,1800,290,761,277,5.1265,196100,NEAR BAY
-122.1,37.61,35,2361,458,1727,467,4.5281,173600,NEAR BAY
-122.04,37.61,36,1151,216,727,215,4.1719,187000,NEAR BAY
-122.26,37.83,52,1665,419,946,395,2.0978,155400,NEAR BAY
-121.82,38.0,29,2070,452,985,420,2.8466,113400,INLAND
-119.71,36.8,25,875,156,646,166,3.0,72800,INLAND
-119.73,36.62,35,2080,365,1026,333,3.5781,92800,INLAND
-120.87,38.83,12,2180,423,1070,377,2.8562,128200,INLAND
-119.75,36.74,39,1740,351,1098,347,1.8958,51300,INLAND
-119.8,36.75,46,2625,593,1368,551,1.5273,59000,INLAND
-122.16,37.75,24,1790,454,1137,386,2.537,107900,NEAR BAY
-122.2,37.78,52,2300,443,1225,423,3.5398,158400,NEAR BAY
-120.37,38.23,13,4401,829,924,383,2.6942,123500,INLAND
-119.69,36.74,17,2438,598,1563,538,1.5449,62500,INLAND
-122.22,37.77,40,494,114,547,135,2.8015,114800,NEAR BAY
-121.83,37.99,23,1970,296,935,279,4.4853,145900,INLAND
-122.16,37.73,49,1699,408,768,385,2.8301,171600,NEAR BAY
-122.33,37.89,42,1342,291,551,266,4.5268,207400,NEAR BAY
-119.61,36.59,10,2842,620,1443,576,2.2727,92700,INLAND
-119.76,36.75,35,2347,526,1676,481,1.6548,49400,INLAND
-122.15,37.76,39,1823,286,763,270,6.0749,196900,NEAR BAY
-120.01,38.93,22,3080,610,1045,425,2.996,126100,INLAND
-122.06,37.68,30,5367,1207,2667,1047,3.1796,170300,NEAR BAY
-122.15,37.71,18,5778,1526,2441,1352,3.1682,202700,NEAR BAY
-120.62,38.39,15,3750,691,1444,603,2.7399,134800,INLAND
-121.92,38.02,16,1840,355,1288,338,4.2067,125000,INLAND
-121.82,39.75,29,7744,1375,3316,1365,3.0253,111400,INLAND
-122.27,37.84,52,2224,437,1006,422,2.6,132600,NEAR BAY
-122.23,37.79,52,1783,395,1659,412,2.9357,107900,NEAR BAY
-121.55,39.48,41,461,107,284,90,2.2045,41800,INLAND
-119.81,36.85,17,2340,370,1174,396,4.2304,94400,INLAND
-122.14,37.69,38,1571,317,874,301,4.4659,189100,NEAR BAY
-120.59,38.53,15,432,87,208,73,3.6125,100000,INLAND
-122.04,37.65,10,8299,1326,3827,1288,6.2579,315500,NEAR BAY
-122.23,37.79,40,930,199,564,184,1.3281,113300,NEAR BAY
-122.33,37.97,45,1982,376,1179,398,3.5463,130800,NEAR BAY
-122.21,38.02,15,2150,327,1094,324,6.0224,198500,NEAR BAY
-122.12,37.65,26,162,27,86,25,2.375,137500,NEAR BAY
-122.19,37.76,45,995,238,630,237,1.925,74100,NEAR BAY
-121.97,39.79,16,1453,299,904,286,3.5735,89600,INLAND
-121.94,38.03,27,1654,478,1141,420,1.4871,87100,INLAND
-119.77,36.77,29,2554,705,2669,655,1.2176,61900,INLAND
-122.06,37.77,12,14316,2045,5781,2007,7.2634,341600,NEAR BAY
-122.17,39.31,35,2791,552,1395,476,2.5625,62700,INLAND
-122.03,37.86,25,3004,393,1145,376,7.2655,494000,NEAR BAY
-121.95,37.81,5,7178,898,2823,907,9.0776,450400,<1H OCEAN
-122.03,38.0,25,3577,581,1753,593,5.7295,178300,NEAR BAY
-121.41,39.72,17,1583,331,730,306,2.3895,87500,INLAND
-120.39,36.78,11,1947,488,2104,486,1.7184,55200,INLAND
-120.44,36.84,29,1563,293,883,288,2.8182,90500,INLAND
-122.33,37.94,47,1882,361,797,342,3.5848,140800,NEAR BAY
-122.26,37.82,31,4596,1331,2048,1180,2.8345,183800,NEAR BAY
-119.69,36.8,31,2576,458,1306,418,3.2813,68700,INLAND
-121.92,38.02,8,2750,479,1526,484,5.102,156500,INLAND
-120.59,38.76,21,1728,417,731,334,1.7266,94700,INLAND
-122.03,37.62,32,2964,547,1472,527,4.2468,221200,NEAR BAY
-119.59,36.64,27,823,171,798,200,3.0521,113800,INLAND
-119.12,36.69,13,3963,812,1905,671,2.2278,90500,INLAND
-121.88,39.74,12,14631,3298,7517,3262,1.6785,153100,INLAND
-122.24,37.76,52,1846,471,827,446,2.6833,240900,NEAR BAY
-122.08,37.64,36,1116,199,662,226,5.7309,177900,NEAR BAY
-122.01,39.21,50,1592,372,781,307,2.2679,69100,INLAND
-122.27,37.84,52,1688,337,853,325,2.1806,99700,NEAR BAY
-120.79,38.43,40,1391,246,546,214,3.9107,129800,INLAND
-119.48,37.0,16,2904,551,1467,509,3.1736,111800,INLAND
-122.2,37.83,26,1589,223,542,211,8.401,351200,NEAR BAY
-121.99,37.56,18,5505,1005,2641,971,5.0,269700,<1H OCEAN
-122.08,37.99,19,4657,739,1914,732,5.0509,199900,NEAR BAY
-119.7,36.82,25,2379,540,1482,484,2.3173,68200,INLAND
-120.54,38.07,37,736,148,339,140,2.2875,79900,INLAND
-119.85,36.84,12,2272,304,840,305,8.9669,213900,INLAND
-122.2,37.77,41,1547,415,1024,341,2.0562,102000,NEAR BAY
-119.76,36.8,29,3494,662,1781,616,2.5893,70900,INLAND
-121.89,37.49,9,4909,577,1981,591,9.7194,500001,<1H OCEAN
-119.59,36.57,19,1733,303,911,281,3.5987,131700,INLAND
-121.81,39.7,21,5051,1054,2948,980,1.5863,81300,INLAND
-119.63,36.64,33,1036,181,620,174,3.4107,110400,INLAND
-121.99,37.58,31,2878,478,1276,485,6.2073,282500,<1H OCEAN
-121.96,37.85,10,3209,379,1199,392,12.2478,500001,INLAND
-122.21,37.79,45,2115,533,1530,474,2.4167,139400,NEAR BAY
-122.28,37.81,36,2914,562,1236,509,2.4464,102100,NEAR BAY
-122.25,37.79,51,175,43,228,55,2.1,75000,NEAR BAY
-119.71,36.79,34,1891,323,966,355,3.6681,82000,INLAND
-122.25,37.81,46,3232,835,1373,747,3.225,218800,NEAR BAY
-122.31,38.01,18,4123,874,1895,772,3.2759,195000,NEAR BAY
-122.07,37.64,25,4524,860,2426,862,4.7083,190900,NEAR BAY
-119.95,38.95,8,430,107,36,18,2.625,187500,INLAND
-122.25,37.83,52,4190,1105,1786,1037,3.0897,234100,NEAR BAY
-122.25,38.03,15,3338,532,1834,520,5.6293,197600,NEAR BAY
-122.24,37.81,52,1490,238,634,256,6.0302,287300,NEAR BAY
-122.06,37.64,37,1468,304,1038,282,4.1652,158200,NEAR BAY
-119.82,36.79,18,5822,1439,3415,1224,1.6854,64700,INLAND
-122.27,37.87,52,3084,698,1424,694,2.7372,210200,NEAR BAY
-119.4,36.59,37,1486,296,977,290,3.5074,93800,INLAND
-122.08,37.63,31,767,171,548,185,3.7614,176000,NEAR BAY
-122.12,37.7,41,3495,787,1849,750,2.679,144900,NEAR BAY
-122.2,37.82,37,1229,181,420,176,7.0175,366700,NEAR BAY
-120.36,36.13,29,1938,434,1306,415,3.0134,55500,INLAND
-122.01,37.56,6,3028,778,1531,736,4.4259,158000,NEAR BAY
-122.26,37.82,40,624,195,423,160,0.9506,187500,NEAR BAY
-122.07,37.89,28,3410,746,1428,670,4.3864,266800,NEAR BAY
-122.18,37.77,51,2107,471,1173,438,3.2552,120100,NEAR BAY
-122.26,38.03,25,2239,361,928,353,4.4474,203700,NEAR BAY
-124.17,41.76,20,2673,538,1282,514,2.4605,105900,NEAR OCEAN
-122.08,37.69,42,1414,274,629,244,3.3478,184900,NEAR BAY
-122.01,37.55,34,2791,495,1276,468,4.9167,256300,NEAR BAY
-122.27,37.77,52,1710,481,849,457,2.7115,220800,NEAR BAY
-120.98,38.66,9,2073,404,916,373,3.225,163300,INLAND
-121.97,37.55,17,4924,1247,3080,1182,3.168,189400,<1H OCEAN
-121.81,38.0,37,2724,579,1400,540,2.905,97300,INLAND
-119.34,36.62,26,1922,339,1148,332,2.6058,92200,INLAND
-119.83,36.73,21,1702,358,1347,316,2.4137,62100,INLAND
-122.3,37.97,30,4030,772,1777,718,3.6393,184000,NEAR BAY
-122.33,38.0,35,3779,711,2493,679,2.9781,109000,NEAR BAY
-122.34,37.94,44,1917,444,936,435,2.7391,140300,NEAR BAY
-119.78,36.74,15,1461,415,924,356,2.5045,90300,INLAND
-119.79,36.73,52,112,28,193,40,1.975,47500,INLAND
-122.08,37.88,24,2059,462,410,294,2.3971,99400,NEAR BAY
-122.11,37.88,37,4005,614,1602,606,6.4666,348200,NEAR BAY
-121.99,39.15,17,6440,1204,3266,1142,2.7137,72000,INLAND
-122.21,37.8,50,2833,605,1260,552,2.8929,216700,NEAR BAY
-122.0,37.99,28,4035,641,1881,659,5.4607,192300,INLAND
-121.8,39.75,28,2551,378,1011,374,4.3309,125200,INLAND
-122.07,37.92,26,3872,739,1629,684,4.4312,225000,NEAR BAY
-122.02,37.63,6,2445,590,1189,573,3.8958,301100,NEAR BAY
-119.87,36.83,4,4833,784,2088,789,5.1781,122500,INLAND
-122.26,38.0,5,6265,908,3326,872,6.2073,272900,NEAR BAY
-119.53,36.55,34,2065,343,1041,313,3.2917,111500,INLAND
-121.56,39.53,12,1733,421,1861,415,1.5771,65200,INLAND
-119.65,36.62,6,1931,422,1344,414,1.6607,58000,INLAND
-120.91,38.73,11,5460,859,2645,838,4.835,230600,INLAND
-122.35,37.94,34,1880,459,1358,422,1.6571,105200,NEAR BAY
-119.41,36.68,18,1802,332,945,292,3.4044,115300,INLAND
-122.27,37.88,37,2619,682,1152,616,2.52,277800,NEAR BAY
-121.87,37.67,10,4337,800,1813,743,5.5,247200,INLAND
-122.36,37.93,17,1258,254,885,229,3.05,121600,NEAR BAY
-119.82,36.81,25,3305,551,1149,500,5.0698,150900,INLAND
-121.93,37.93,16,2169,262,877,245,6.6049,312600,INLAND
-122.09,37.6,36,385,94,295,92,2.9706,147900,NEAR BAY
-121.92,38.01,7,1632,248,879,262,6.1237,166000,INLAND
-119.67,36.74,19,2788,614,1365,525,2.7813,120300,INLAND
-122.29,37.92,32,1736,234,602,231,6.516,401000,NEAR BAY
-119.84,36.85,8,3791,487,1424,475,10.5144,345900,INLAND
-119.85,36.82,15,1387,236,638,195,5.5842,88900,INLAND
-122.23,37.81,52,2315,292,861,258,8.8793,410300,NEAR BAY
-119.79,36.8,27,2462,484,852,449,3.32,124700,INLAND
-121.94,37.95,18,2541,355,986,346,7.1978,288000,INLAND
-122.24,37.76,49,2428,525,1110,492,3.6719,229800,NEAR BAY
-122.19,37.76,52,2024,391,1030,350,2.4659,94700,NEAR BAY
-122.3,37.92,32,3943,605,1524,614,6.0677,321600,NEAR BAY
-120.05,36.72,24,1961,422,1559,374,1.8299,57800,INLAND
-122.35,37.98,34,3756,726,2237,686,3.7562,132900,NEAR BAY
-122.2,37.79,45,2021,528,1410,480,2.7788,115400,NEAR BAY
-121.06,38.7,9,13255,1739,5001,1627,6.314,228900,INLAND
-119.83,36.79,35,1872,363,1054,369,3.3272,65600,INLAND
-122.08,37.92,26,1733,265,796,274,6.195,264900,NEAR BAY
-122.29,37.87,52,2225,460,1145,430,2.6165,150000,NEAR BAY
-122.19,37.74,43,707,147,417,155,2.5139,83400,NEAR BAY
-122.17,37.74,43,818,193,494,179,2.4776,101600,NEAR BAY
-121.97,37.97,27,1691,289,807,296,6.1168,210500,INLAND
-121.63,39.76,22,2598,482,1151,490,2.8182,109700,INLAND
-122.32,37.96,25,1728,403,934,412,3.375,133700,NEAR BAY
-122.28,37.88,52,1193,200,506,207,4.1912,254500,NEAR BAY
-122.06,37.7,33,3906,790,1912,770,3.5187,209400,NEAR BAY
-122.31,38.0,29,3108,534,1687,516,4.3333,170800,NEAR BAY
-120.1,36.66,19,2020,416,1341,360,1.7,69000,INLAND
-119.73,36.76,30,1548,282,886,311,3.1,71300,INLAND
-120.87,38.71,13,2692,470,1302,420,4.0,167400,INLAND
-121.39,39.61,22,2828,610,986,391,2.8871,94700,INLAND
-119.77,36.8,32,3461,665,1507,649,2.9244,84600,INLAND
-122.07,37.68,36,1815,426,1280,431,3.25,218100,NEAR BAY
-122.18,37.7,35,2562,554,1398,525,3.3906,178900,NEAR BAY
-122.01,37.95,8,3866,539,1555,513,6.0901,298200,NEAR BAY
-122.29,37.81,50,760,190,377,122,0.9011,86100,NEAR BAY
-122.24,37.81,52,2513,502,1048,518,3.675,269900,NEAR BAY
-121.98,38.05,31,2810,518,1640,503,3.3661,98500,INLAND
-119.88,36.85,8,2580,372,1111,393,7.5,256200,INLAND
-122.04,37.53,25,4458,922,2998,890,3.9667,218500,NEAR BAY
-122.33,37.93,27,2158,424,1220,442,3.0156,111500,NEAR BAY
-122.12,37.69,30,1197,269,695,279,3.4375,157800,NEAR BAY
-121.59,39.78,18,945,205,385,207,2.1838,58000,INLAND
-121.93,37.49,5,1150,311,648,245,3.5714,300000,<1H OCEAN
-122.21,37.78,43,1702,460,1227,407,1.7188,126800,NEAR BAY
-122.12,37.71,38,1164,284,632,289,3.0345,152100,NEAR BAY
-123.83,41.88,18,1504,357,660,258,3.13,116700,<1H OCEAN
-119.73,36.8,15,2376,538,1197,510,3.1417,74600,INLAND
-122.02,37.84,34,1879,265,729,263,7.7072,443800,NEAR BAY
-122.29,37.81,26,768,152,392,127,1.7719,82500,NEAR BAY
-122.3,37.9,35,1102,308,688,303,2.3946,141700,NEAR BAY
-122.26,37.9,37,2220,335,903,362,7.8336,371300,NEAR BAY
-120.76,38.47,17,1521,309,607,240,3.5,123800,INLAND
-122.35,37.95,42,1485,290,971,303,3.6094,114600,NEAR BAY
-122.07,37.86,23,1025,205,263,191,3.12,155000,NEAR BAY
-119.44,36.6,34,864,184,579,171,2.0417,72500,INLAND
-122.25,37.89,41,1125,195,356,181,6.1593,344000,NEAR BAY
-122.11,37.98,11,4371,679,1790,660,6.135,297300,NEAR BAY
-122.16,37.75,38,2457,624,1516,482,1.5625,91700,NEAR BAY
-119.55,36.51,46,55,11,26,5,4.125,67500,INLAND
-119.61,36.94,14,863,151,315,135,4.2679,151800,INLAND
-121.99,37.92,14,1780,224,764,226,9.0243,427700,INLAND
-122.11,37.65,18,4335,808,2041,734,3.4861,331600,NEAR BAY
-122.16,37.71,36,666,132,366,134,3.4643,175000,NEAR BAY
-119.6,36.57,33,1923,403,1205,389,1.8333,68300,INLAND
-122.17,37.78,52,653,128,296,121,4.175,144000,NEAR BAY
-121.86,38.04,52,242,59,188,54,1.3958,67500,INLAND
-122.3,37.91,39,2686,569,1159,559,2.9441,200400,NEAR BAY
-121.59,39.77,24,1535,276,664,273,2.3068,97300,INLAND
-119.7,36.94,15,1449,277,649,265,2.4861,86300,INLAND
-120.88,38.45,25,1374,297,657,288,2.5476,97900,INLAND
-122.02,37.6,32,1295,295,1097,328,3.2386,149600,NEAR BAY
-122.03,37.98,16,1209,477,627,482,1.3894,156300,NEAR BAY
-122.26,37.81,34,5871,1914,2689,1789,2.8406,335700,NEAR BAY
-121.84,39.73,52,677,152,379,154,1.6797,94800,INLAND
-120.72,38.57,8,892,185,427,164,2.6833,118800,INLAND
-122.11,37.69,37,2444,651,1562,618,2.6464,155200,NEAR BAY
-121.99,37.54,26,2332,371,1285,404,5.388,225000,<1H OCEAN
-120.66,38.4,18,2144,420,985,381,3.175,118500,INLAND
-119.75,36.75,50,1515,294,852,297,1.9955,54200,INLAND
-122.17,37.75,44,1218,248,763,254,2.3281,88800,NEAR BAY
-119.67,36.65,20,2512,449,1464,450,3.9211,92300,INLAND
-120.76,38.65,17,2319,430,1126,372,3.5511,155900,INLAND
-122.13,37.68,45,2457,445,1129,422,4.0588,182800,NEAR BAY
-122.06,37.99,16,2445,469,721,474,2.8043,87500,NEAR BAY
-121.91,39.03,48,1096,218,657,199,2.7841,65800,INLAND
-121.62,39.75,20,1173,261,523,258,1.0625,92800,INLAND
-122.13,37.72,35,2183,383,976,392,3.8393,243500,NEAR BAY
-119.63,36.58,22,1794,435,1127,359,1.2647,55300,INLAND
-122.09,37.65,35,1130,192,543,184,4.3897,190600,NEAR BAY
-121.76,37.67,6,3023,518,1225,468,6.3705,350000,INLAND
-122.03,37.62,35,2072,352,1001,350,4.7109,198700,NEAR BAY
-120.65,38.42,23,1538,305,730,267,2.6078,116700,INLAND
-121.97,38.03,17,3685,685,1939,649,3.7043,139800,INLAND
-122.12,37.75,33,1809,261,808,219,6.86,250000,NEAR BAY
-122.35,37.96,35,1326,346,1023,295,2.0724,97700,NEAR BAY
-119.81,36.7,52,314,57,178,66,1.2404,52500,INLAND
-121.07,38.66,22,1831,274,813,269,4.6394,173400,INLAND
-121.46,39.4,17,3659,735,1970,667,2.425,96200,INLAND
-121.92,37.64,46,1280,209,512,208,5.1406,315600,INLAND
-122.19,37.71,36,361,69,158,58,5.5461,262500,NEAR BAY
-119.8,36.77,52,2964,512,1114,486,3.8105,87600,INLAND
-122.03,37.69,20,200,25,83,31,6.5,340000,NEAR BAY
-122.1,37.66,33,1954,464,1293,448,3.0489,152600,NEAR BAY
-122.25,37.83,28,5022,1750,2558,1661,2.4234,218500,NEAR BAY
-121.54,39.51,33,3585,757,1887,765,2.502,62100,INLAND
-122.21,37.79,35,1745,409,1143,386,2.875,143800,NEAR BAY
-122.02,37.94,19,3192,612,1317,594,4.125,267100,NEAR BAY
-122.04,37.99,36,2765,495,1478,441,4.125,136200,NEAR BAY
-122.2,37.79,29,1640,376,939,340,2.8321,150000,NEAR BAY
-120.99,38.69,5,5743,1074,2651,962,4.1163,172500,INLAND
-122.1,37.65,31,1797,327,796,319,4.4427,204500,NEAR BAY
-122.11,37.67,38,1035,247,599,224,3.0917,167200,NEAR BAY
-120.71,38.34,16,1257,231,559,213,4.4531,144300,INLAND
-122.28,37.82,52,1387,341,1074,304,1.2171,80300,NEAR BAY
-122.06,37.71,36,3541,570,1478,529,4.635,248600,NEAR BAY
-122.1,37.68,37,1352,342,691,324,3.4032,196900,NEAR BAY
-122.17,37.77,30,3326,746,1704,703,2.875,135300,NEAR BAY
-122.02,37.94,23,3516,661,1465,623,4.2569,213100,NEAR BAY
-121.6,39.68,15,1677,345,844,330,2.3958,111200,INLAND
-122.19,37.73,45,1528,291,801,287,1.2625,84700,NEAR BAY
-122.35,37.94,47,1275,275,844,273,2.8967,95600,NEAR BAY
-119.77,36.83,19,3237,507,1378,510,4.7804,101100,INLAND
-122.05,37.89,37,1677,269,689,283,4.2625,310600,NEAR BAY
-121.59,39.79,20,743,171,395,168,1.625,88300,INLAND
-122.03,37.53,18,1746,437,1268,404,3.256,183300,NEAR BAY
-122.26,38.04,41,2512,539,1179,480,2.694,123000,NEAR BAY
-122.26,37.86,35,5161,1744,3276,1742,1.6307,253600,NEAR BAY
-119.64,36.56,34,576,117,363,97,2.0658,92500,INLAND
-122.32,37.96,34,2070,357,784,294,4.0417,182800,NEAR BAY
-122.21,37.81,52,1389,212,510,224,5.2402,296400,NEAR BAY
-122.12,37.7,19,2495,635,1571,579,2.5833,159900,NEAR BAY
-122.06,37.88,34,4781,703,1879,714,6.5378,340900,NEAR BAY
-120.79,38.54,34,1133,254,495,187,2.05,68900,INLAND
-122.34,37.93,32,2389,652,1672,584,1.4423,88300,NEAR BAY
-120.78,38.72,19,4414,767,1865,699,3.6406,150900,INLAND
-122.14,38.02,44,1625,432,825,385,2.0523,133900,NEAR BAY
-119.83,36.8,16,6101,1200,3407,1134,3.125,80800,INLAND
-122.22,37.79,38,3049,711,2167,659,2.7969,141700,NEAR BAY
-122.26,37.89,52,3078,494,1005,462,6.381,342200,NEAR BAY
-122.01,37.59,2,838,295,240,149,2.875,237500,NEAR BAY
-121.97,37.95,8,4253,709,1883,662,5.431,246700,INLAND
-122.08,37.64,36,786,133,463,160,3.9338,182700,NEAR BAY
-122.08,37.72,31,3866,531,1368,521,6.187,340400,NEAR BAY
-119.78,36.77,45,1315,256,666,240,2.3562,58100,INLAND
-120.7,38.75,19,2325,430,967,376,2.9,158700,INLAND
-122.03,37.94,21,5541,776,2214,737,5.5777,279300,NEAR BAY
-122.04,37.62,32,1540,324,793,302,3.2857,193200,NEAR BAY
-122.32,37.97,33,1156,190,643,209,4.5,156600,NEAR BAY
-122.34,37.95,45,1128,240,702,270,3.6719,134100,NEAR BAY
-121.95,37.94,27,1469,216,578,219,5.9346,253600,INLAND
-122.32,37.95,37,1887,353,895,359,4.45,196600,NEAR BAY
-119.73,36.73,9,1621,428,678,394,2.2437,54200,INLAND
-121.94,37.75,16,5121,735,2464,761,6.6204,296100,<1H OCEAN
-119.79,36.85,11,2596,619,1765,539,1.9511,54000,INLAND
-121.96,37.81,12,6488,778,2404,765,8.3188,403400,<1H OCEAN
-122.15,37.7,36,1464,244,672,261,3.5547,194700,NEAR BAY
-119.85,36.77,27,1510,344,847,295,2.9315,83200,INLAND
-122.04,37.66,10,2031,357,867,352,5.3169,299200,NEAR BAY
-122.36,37.95,38,1066,248,729,286,1.5139,81700,NEAR BAY
-122.2,37.88,36,1065,160,398,155,7.7736,378100,NEAR BAY
-119.98,36.74,26,1453,251,896,260,3.4861,112500,INLAND
-120.37,36.13,10,2522,533,1335,493,3.2639,86400,INLAND
-122.33,37.97,19,5151,1335,2548,1165,3.3125,158800,NEAR BAY
-122.14,37.9,32,5738,746,2099,732,10.3224,500001,NEAR BAY
-121.9,37.67,7,9540,1294,3926,1229,7.4353,389800,<1H OCEAN
-122.3,37.81,48,828,182,392,133,2.5938,73500,NEAR BAY
-121.71,39.41,22,1814,342,941,323,2.1728,59400,INLAND
-122.18,37.76,52,754,175,447,165,3.9063,93800,NEAR BAY
-122.2,37.9,36,2107,287,740,280,10.3416,500001,NEAR BAY
-121.54,39.5,38,1438,310,779,275,1.3289,39400,INLAND
-122.19,37.8,52,1813,271,637,277,4.0114,263400,NEAR BAY
-119.73,36.74,14,6202,1551,5561,1435,1.6073,64700,INLAND
-119.68,36.62,31,834,229,616,211,1.6602,61200,INLAND
-121.88,38.03,52,1225,250,725,231,2.0,101400,INLAND
-121.84,37.66,13,13182,2074,4847,1950,5.6417,352900,INLAND
-122.08,37.64,23,1897,440,1109,418,3.142,179500,NEAR BAY
-122.29,37.85,52,477,119,218,106,2.5682,120000,NEAR BAY
-122.37,37.95,32,1298,363,716,268,0.9797,76400,NEAR BAY
-122.3,37.9,37,2125,489,912,462,2.9219,217200,NEAR BAY
-122.13,37.75,36,768,93,229,93,5.3602,330000,NEAR BAY
-122.29,37.87,44,2539,755,1382,713,2.537,175000,NEAR BAY
-121.96,37.54,14,5106,1207,2738,1108,3.9909,236000,<1H OCEAN
-121.7,39.36,37,2330,495,1505,470,2.0474,56000,INLAND
-122.01,37.55,26,2068,532,1434,495,3.3008,224200,NEAR BAY
-122.04,37.94,24,5732,873,2444,888,5.6292,231400,NEAR BAY
-119.88,36.81,30,2288,474,1435,425,1.3221,61200,INLAND
-119.99,38.88,17,2807,529,675,251,2.7457,107800,INLAND
-122.19,37.78,52,2492,415,1109,375,4.3125,164400,NEAR BAY
-122.27,37.85,52,335,83,152,77,2.2841,106300,NEAR BAY
-120.7,38.69,13,4492,821,2093,734,4.0709,151700,INLAND
-122.21,37.8,39,2003,500,1109,464,3.0682,156500,NEAR BAY
-121.88,38.0,16,2605,440,1352,408,4.1947,140300,INLAND
-120.37,38.25,13,4495,856,1149,459,2.5352,113700,INLAND
-122.17,37.74,34,1223,281,824,280,2.2917,92500,NEAR BAY
-119.82,36.77,41,1441,274,646,296,3.0568,71300,INLAND
-121.66,37.93,19,2055,358,1064,350,4.7426,263100,INLAND
-120.0,38.9,21,1653,419,737,308,1.9727,114100,INLAND
-122.23,37.8,52,2033,486,787,459,3.1603,269500,NEAR BAY
-121.49,39.49,20,2505,468,1174,429,2.9965,88900,INLAND
-122.06,37.95,36,2213,386,950,370,4.7386,186400,NEAR BAY
-122.1,37.66,37,901,191,599,206,3.7303,149700,NEAR BAY
-122.33,37.95,46,1543,339,777,322,4.0927,142600,NEAR BAY
-120.38,36.76,12,932,244,1043,243,1.4038,54300,INLAND
-122.25,37.86,52,1587,444,878,449,1.7652,336800,NEAR BAY
-122.07,37.59,13,2578,551,1680,528,4.825,222000,NEAR BAY
-121.55,39.44,31,1434,283,811,289,1.7727,49000,INLAND
-122.13,37.7,21,4124,1054,2162,998,2.6321,223100,NEAR BAY
-119.56,36.53,19,2746,495,1670,518,3.2019,95700,INLAND
-122.03,37.56,31,4981,964,2841,924,4.8962,220200,NEAR BAY
-121.89,37.68,12,7490,1207,3329,1136,6.3373,339700,<1H OCEAN
-122.3,37.81,48,1455,354,788,332,0.8056,84400,NEAR BAY
-122.02,37.98,37,1474,343,782,331,3.4187,161700,NEAR BAY
-122.27,37.82,52,1630,456,1162,400,1.2475,104200,NEAR BAY
-121.86,38.0,4,4075,927,2239,849,3.5857,165200,INLAND
-120.69,38.44,13,1473,265,597,228,4.2917,121300,INLAND
-119.84,36.8,16,2849,506,1508,478,3.4074,72700,INLAND
-122.16,37.73,52,1114,206,425,207,2.5625,175000,NEAR BAY
-120.3,38.9,11,1961,435,113,53,0.9227,95500,INLAND
-119.54,36.51,36,49,7,28,2,4.625,162500,INLAND
-121.58,39.83,16,4591,904,1904,812,2.2419,93200,INLAND
-121.87,39.82,11,5103,825,2456,810,4.5032,159700,INLAND
-121.68,37.98,19,3388,599,1707,575,3.6411,162800,INLAND
-119.73,36.72,26,2645,1005,1660,991,0.6991,89500,INLAND
-122.13,37.72,45,2315,451,1006,444,3.524,186200,NEAR BAY
-120.41,38.33,17,1463,338,529,226,3.024,100900,INLAND
-122.29,37.88,52,2159,424,824,388,3.8897,218400,NEAR BAY
-120.33,38.26,13,2962,546,252,103,4.4063,155800,INLAND
-120.19,36.61,29,1479,338,1408,322,2.293,57200,INLAND
-122.13,37.87,18,1820,220,728,229,10.3713,426100,NEAR BAY
-122.3,37.89,52,1248,283,620,275,4.0875,221300,NEAR BAY
-119.81,36.79,35,2314,443,954,457,2.9506,73800,INLAND
-124.3,41.8,19,2672,552,1298,478,1.9797,85800,NEAR OCEAN
-122.33,37.94,45,1226,279,590,260,2.8833,140400,NEAR BAY
-120.55,38.31,18,1411,312,592,230,1.625,94700,INLAND
-121.7,37.91,17,1962,291,825,267,4.8958,187100,INLAND
-122.25,38.05,30,1255,297,779,307,1.6767,147700,NEAR BAY
-122.32,37.95,36,1425,245,573,239,4.35,185000,NEAR BAY
-119.75,36.8,30,3308,662,1894,648,2.197,74500,INLAND
-122.18,37.72,45,1498,313,1003,305,3.8047,156700,NEAR BAY
-122.17,37.78,49,893,177,468,181,3.875,140600,NEAR BAY
-122.27,37.87,30,1465,439,862,425,1.7778,268800,NEAR BAY
-122.15,37.69,39,1670,308,957,335,5.1312,183600,NEAR BAY
-122.17,37.71,38,890,200,481,198,3.244,179800,NEAR BAY
-122.21,37.79,47,1543,307,859,292,2.9583,138800,NEAR BAY
-122.05,37.9,32,2676,484,986,473,4.6528,335700,NEAR BAY
-121.79,38.01,17,4032,814,1749,618,3.1728,146800,INLAND
-122.02,37.89,29,6349,858,2450,778,7.5,356200,NEAR BAY
-122.12,37.75,28,794,111,329,109,7.6923,329800,NEAR BAY
-120.51,36.86,21,1779,399,1446,371,2.4414,71900,INLAND
-122.36,37.93,42,1796,389,1107,372,1.9375,87000,NEAR BAY
-122.26,37.85,52,2643,626,1212,620,1.9167,159200,NEAR BAY
-122.12,37.94,22,4949,626,1850,590,10.4549,500001,NEAR BAY
-122.04,37.97,21,6445,1839,3621,1735,2.5841,112500,NEAR BAY
-122.36,37.96,31,1157,276,956,232,1.5347,80400,NEAR BAY
-122.1,37.69,30,3115,625,1444,568,3.7222,195800,NEAR BAY
-119.71,36.81,19,1648,368,557,354,1.7969,72800,INLAND
-119.8,36.71,29,1541,291,1007,313,2.0043,53500,INLAND
-119.98,38.9,16,3109,572,885,334,3.5,134700,INLAND
-122.25,37.77,52,2156,458,872,445,3.2685,254200,NEAR BAY
-122.1,37.66,35,686,142,480,149,3.875,162100,NEAR BAY
-122.16,37.76,36,2781,574,1438,519,2.4598,155500,NEAR BAY
-122.17,37.72,46,1369,284,766,289,3.5313,159700,NEAR BAY
-119.44,36.6,5,2353,608,2505,573,2.2863,69200,INLAND
-121.85,38.0,24,2269,584,1239,542,2.0411,100000,INLAND
-122.29,37.97,20,3426,632,1512,580,4.4911,227400,NEAR BAY
-122.29,37.94,20,7578,1426,3637,1362,4.4387,190000,NEAR BAY
-119.82,36.76,41,1973,399,1107,375,1.8971,66900,INLAND
-122.26,37.84,52,950,202,467,198,3.9643,188800,NEAR BAY
-121.58,39.51,24,1865,372,1087,385,1.6389,56700,INLAND
-122.21,37.78,52,1056,224,792,245,2.6583,142600,NEAR BAY
-122.04,37.62,35,657,118,328,134,3.8125,204200,NEAR BAY
-119.81,36.77,48,1805,329,741,331,2.5804,78900,INLAND
-122.1,37.63,29,2172,435,1377,408,3.7895,180900,NEAR BAY
-122.21,37.78,44,1729,414,1240,393,2.3125,102800,NEAR BAY
-121.83,37.99,18,2741,449,1507,460,4.7566,142500,INLAND
-121.96,37.71,6,8072,1050,3386,1062,7.2494,336500,<1H OCEAN
-119.39,36.64,38,949,190,578,187,2.3618,80000,INLAND
-120.55,38.07,27,1199,224,463,199,2.9063,92200,INLAND
-122.19,37.77,52,2170,428,1086,425,3.3715,143900,NEAR BAY
-119.77,36.74,50,1325,280,811,281,1.8667,62800,INLAND
-121.84,39.68,38,549,105,275,94,3.5375,153100,INLAND
-122.2,37.89,37,3881,560,1315,517,7.3195,367500,NEAR BAY
-121.76,37.68,52,2157,418,929,419,3.7301,204400,INLAND
-120.71,38.85,8,1877,479,884,323,3.4688,120100,INLAND
-121.8,39.75,11,7212,1355,3264,1264,3.1125,122600,INLAND
-121.97,37.79,17,5688,824,2111,773,6.6131,312500,<1H OCEAN
-122.19,37.79,47,1229,243,582,256,2.9514,198100,NEAR BAY
-122.04,37.67,29,1694,251,690,242,6.0501,254200,NEAR BAY
-122.27,37.85,47,1375,307,843,319,1.3785,142300,NEAR BAY
-119.79,36.82,25,2330,462,1215,467,3.2143,93000,INLAND
-121.85,37.72,43,228,40,83,42,10.3203,400000,INLAND
-122.22,37.78,44,1678,514,1700,495,2.0801,131900,NEAR BAY
-119.64,36.85,15,2397,353,1258,347,4.9904,157300,INLAND
-122.08,37.92,28,2377,469,1068,435,4.4561,250000,NEAR BAY
-122.09,37.71,35,2663,387,1086,367,5.1498,266400,NEAR BAY
-122.26,37.83,52,1443,311,660,292,3.0125,184400,NEAR BAY
-122.32,37.92,28,4649,977,2606,953,3.2674,129100,NEAR BAY
-122.23,37.82,52,3494,396,1192,383,12.3804,500001,NEAR BAY
-122.07,37.7,32,3400,736,1487,694,3.0,223200,NEAR BAY
-122.16,37.89,32,1779,241,721,258,8.7589,434500,NEAR BAY
-119.96,38.94,27,1492,393,717,254,1.8906,104200,INLAND
-119.77,36.76,43,1623,294,781,272,1.869,56000,INLAND
-119.8,36.74,25,1717,542,1343,471,0.799,51800,INLAND
-122.08,37.95,24,3173,548,1351,536,5.0672,243000,NEAR BAY
-122.26,37.77,52,1670,350,793,299,2.9732,282100,NEAR BAY
-121.7,37.93,19,2005,405,972,403,2.2216,156700,INLAND
-121.89,38.01,32,1000,188,663,212,4.0972,99200,INLAND
-122.08,37.65,17,5018,1439,3069,1299,2.7694,161900,NEAR BAY
-120.84,38.73,17,2616,492,1158,457,2.8807,142600,INLAND
-122.23,37.82,52,3242,366,1001,352,12.2138,500001,NEAR BAY
-119.83,36.76,15,3291,772,1738,634,1.976,67300,INLAND
-122.28,37.82,52,1489,335,728,244,0.8172,85300,NEAR BAY
-120.81,38.73,42,1276,260,799,259,2.7273,128600,INLAND
-122.28,37.77,52,1468,363,870,347,2.9688,220800,NEAR BAY
-122.01,37.94,18,2077,298,937,292,6.3809,273600,NEAR BAY
-122.31,37.93,36,1526,256,696,263,3.5089,261900,NEAR BAY
-122.28,37.88,52,2495,491,1058,464,4.1429,259600,NEAR BAY
-121.97,37.54,31,1949,344,986,322,4.6349,196200,<1H OCEAN
-122.09,37.89,35,880,139,352,132,6.8686,406500,NEAR BAY
-119.74,36.79,28,2857,619,1614,592,2.1573,71400,INLAND
-119.77,36.83,16,2360,355,1034,359,5.0635,108500,INLAND
-119.6,36.58,28,1452,300,919,308,2.8287,73100,INLAND
-119.83,36.78,35,1789,357,933,357,2.5223,66200,INLAND
-122.15,37.73,52,1028,129,317,143,4.9135,275000,NEAR BAY
-122.26,37.84,49,713,202,462,189,1.025,118800,NEAR BAY
-119.79,36.79,26,1700,423,909,386,2.256,64500,INLAND
-122.07,37.67,28,2932,739,1198,624,3.2417,210800,NEAR BAY
-119.85,36.8,14,1876,324,1031,311,3.6563,88800,INLAND
-119.81,36.76,52,1792,352,1049,357,2.4375,57100,INLAND
-122.04,37.85,27,6039,780,2181,761,9.5862,469400,NEAR BAY
-119.83,36.71,43,355,81,233,75,2.4167,73900,INLAND
-122.11,37.99,16,3913,710,1782,676,5.1297,206700,NEAR BAY
-122.19,37.79,45,2718,451,1106,454,4.6563,231800,NEAR BAY
-121.88,38.02,46,2112,466,1249,382,2.5737,87000,INLAND
-119.73,36.59,31,1551,296,1058,287,3.3438,92600,INLAND
-122.25,37.79,52,902,237,846,227,3.625,125000,NEAR BAY
-120.19,38.42,11,1568,369,82,33,3.125,77500,INLAND
-122.31,37.91,45,3924,834,1992,773,4.1146,177800,NEAR BAY
-122.18,37.75,43,1036,233,652,213,2.069,84600,NEAR BAY
-119.76,36.82,17,6932,1486,3056,1453,2.3375,99300,INLAND
-121.87,37.67,28,1812,294,853,278,4.9879,229400,INLAND
-119.75,36.78,33,1145,197,508,198,2.3333,81300,INLAND
-120.46,38.09,16,3758,715,1777,615,3.0,122600,INLAND
-122.07,37.67,38,2104,409,1039,394,3.875,165300,NEAR BAY
-122.14,37.7,36,1266,228,606,239,3.9702,194100,NEAR BAY
-122.03,37.55,26,3087,532,1597,483,4.9118,217300,NEAR BAY
-122.28,37.89,52,2315,408,835,369,4.5893,290100,NEAR BAY
-121.39,39.39,52,189,34,121,37,3.0208,60000,INLAND
-122.24,37.77,43,955,284,585,266,2.3882,162500,NEAR BAY
-122.14,37.86,20,6201,1182,2415,1141,4.5744,314000,NEAR BAY
-122.07,37.63,35,1931,376,1175,337,3.7292,168100,NEAR BAY
-122.17,37.73,43,1473,371,1231,341,2.1587,86500,NEAR BAY
-122.19,37.78,49,1183,205,496,209,5.2328,174200,NEAR BAY
-121.81,38.01,52,1124,245,528,226,2.2639,128500,INLAND
-122.37,37.95,35,215,45,100,34,1.6023,81300,NEAR BAY
-120.63,38.68,14,1821,316,769,266,3.0789,131700,INLAND
-119.72,36.82,16,2627,613,1054,623,1.9483,112500,INLAND
-121.99,37.98,23,2293,411,969,399,4.4536,184000,INLAND
-119.74,36.75,47,2236,418,1042,397,2.9545,59600,INLAND
-119.74,36.72,25,3972,842,2863,729,2.1304,58500,INLAND
-122.35,37.94,45,2112,493,1406,452,2.3456,105200,NEAR BAY
-122.09,37.63,34,1457,242,735,249,3.9167,189500,NEAR BAY
-122.25,37.82,28,3337,855,1520,802,3.9063,225000,NEAR BAY
-119.87,36.72,30,1584,316,984,300,2.0658,67900,INLAND
-119.98,38.92,27,2682,606,1010,399,3.15,86900,INLAND
-122.34,37.97,19,2237,580,1438,551,2.3382,120700,NEAR BAY
-122.21,37.78,46,2239,508,1390,569,2.7352,137300,NEAR BAY
-120.97,38.91,7,4341,716,1978,682,4.8311,172200,INLAND
-122.09,38.0,6,10191,1882,4377,1789,5.2015,204200,NEAR BAY
-122.21,37.83,40,4991,674,1616,654,7.5544,411500,NEAR BAY
-122.3,37.88,52,409,97,208,98,1.6971,138800,NEAR BAY
-122.11,37.67,32,3028,811,2037,703,3.0645,165400,NEAR BAY
-122.31,37.94,38,2172,403,945,384,4.3958,194200,NEAR BAY
-122.18,37.73,42,4074,874,2736,780,2.455,82400,NEAR BAY
-122.14,37.68,31,3184,716,1561,628,2.7955,183100,NEAR BAY
-121.78,38.01,19,2688,469,1216,422,4.4491,133900,INLAND
-119.61,36.57,42,2242,521,1359,483,1.5833,65100,INLAND
-122.27,37.9,52,1803,240,572,236,6.174,358800,NEAR BAY
-119.55,36.69,21,1551,423,1519,406,1.7132,55900,INLAND
-122.21,37.79,52,762,190,600,195,3.0893,125000,NEAR BAY
-121.67,39.34,22,1217,224,537,187,2.6607,84600,INLAND
-121.94,37.93,16,3421,427,1341,428,7.5695,320400,INLAND
-119.8,36.83,17,1560,261,709,258,4.3315,95800,INLAND
-121.89,37.82,4,11444,1355,3898,1257,13.2949,500001,INLAND
-121.55,39.51,50,1050,288,485,260,1.1607,51700,INLAND
-122.07,37.94,30,1260,276,707,221,2.892,220800,NEAR BAY
-119.72,36.81,15,2175,564,1194,482,2.6767,87500,INLAND
-122.25,37.82,26,3959,1196,1749,1217,3.0233,255000,NEAR BAY
-119.72,36.8,16,2396,526,1338,518,2.1653,78800,INLAND
-119.74,36.77,30,2427,482,1375,518,2.5737,76900,INLAND
-119.77,36.79,27,2258,427,1076,423,2.9937,81100,INLAND
-121.8,38.01,46,2273,495,1088,447,2.2532,109400,INLAND
-122.12,37.68,35,1958,484,1146,448,2.95,148900,NEAR BAY
-120.5,38.87,10,81,41,55,16,4.9583,87500,INLAND
-122.27,37.8,10,105,42,125,39,0.9722,137500,NEAR BAY
-121.93,37.93,16,2876,391,1089,377,6.299,286900,INLAND
-120.84,38.81,11,1280,286,609,248,3.1635,132600,INLAND
-119.78,36.82,22,4241,1147,1929,971,1.7708,53500,INLAND
-122.15,37.68,30,2261,443,929,383,4.2841,213400,NEAR BAY
-122.13,37.69,34,1131,278,560,237,2.875,161700,NEAR BAY
-119.81,36.72,46,1414,268,902,243,1.5833,56700,INLAND
-121.98,37.96,12,5048,1122,2209,1014,3.1573,126700,INLAND
-122.25,37.8,52,2087,510,1197,488,3.0149,218400,NEAR BAY
-122.21,37.8,39,2018,447,1221,446,3.0757,151000,NEAR BAY
-121.94,37.73,22,6719,1068,2843,994,6.1265,260300,<1H OCEAN
-122.01,37.92,18,2808,337,1038,337,8.3956,353600,NEAR BAY
-121.96,39.3,39,701,130,271,89,2.1845,112500,INLAND
-122.25,37.8,29,2468,864,1335,773,1.3929,193800,NEAR BAY
-124.23,41.75,11,3159,616,1343,479,2.4805,73200,NEAR OCEAN
-119.99,38.94,22,3119,640,786,351,3.0806,118500,INLAND
-119.87,36.78,4,6102,1114,3406,1115,3.4213,84500,INLAND
-119.8,36.65,34,2263,423,1184,407,1.7692,74200,INLAND
-122.09,37.7,30,1751,269,731,263,6.005,263900,NEAR BAY
-120.27,38.31,13,3297,662,267,97,3.075,108300,INLAND
-122.06,37.99,17,1319,316,384,269,1.8229,137500,NEAR BAY
-122.25,37.79,45,1786,526,1475,460,1.7772,97500,NEAR BAY
-122.21,37.83,34,5065,788,1627,766,6.8976,333300,NEAR BAY
-122.41,37.98,36,60,15,42,25,1.4583,67500,NEAR BAY
-122.25,37.82,52,1424,289,550,253,5.0917,262500,NEAR BAY
-122.21,37.84,34,3038,490,1140,496,7.0548,325900,NEAR BAY
-119.79,36.79,19,1524,448,960,386,1.5122,47500,INLAND
-122.24,37.82,52,1509,225,674,244,4.9306,313400,NEAR BAY
-121.65,39.32,40,812,154,374,142,2.7891,73500,INLAND
-122.27,37.81,10,875,348,546,330,0.76,162500,NEAR BAY
-122.25,37.86,52,4048,663,1316,590,5.3794,376900,NEAR BAY
-122.26,37.83,51,936,311,517,249,1.2852,150000,NEAR BAY
-121.64,37.85,22,1999,415,967,320,4.4583,253900,INLAND
-120.71,38.73,17,2146,396,862,351,2.9219,141300,INLAND
-122.09,37.95,32,1339,209,601,209,6.0265,247900,NEAR BAY
-120.67,37.97,9,7450,1475,2233,930,2.6528,133000,INLAND
-121.96,38.02,35,2691,542,1409,505,3.016,95300,INLAND
-122.28,37.86,52,1659,367,788,346,2.8214,164300,NEAR BAY
-120.95,38.69,10,3421,563,1689,545,5.2032,217100,INLAND
-122.28,37.81,17,924,289,609,289,1.5,162500,NEAR BAY
-122.26,37.98,28,2038,329,947,349,5.1178,198000,NEAR BAY
-120.69,38.36,19,3267,614,1252,566,2.7236,109900,INLAND
-119.77,36.78,40,1411,284,609,296,1.9375,67700,INLAND
-122.28,37.84,52,2153,481,1168,441,1.9615,115200,NEAR BAY
-119.46,36.61,13,1348,258,719,246,3.625,108300,INLAND
-119.45,36.58,18,1425,280,753,266,3.7813,87300,INLAND
-122.04,37.57,12,5719,1064,3436,1057,5.2879,231200,NEAR BAY
-122.04,37.99,32,1504,279,749,267,3.2,134500,NEAR BAY
-119.84,36.83,17,2273,298,700,263,6.8645,195900,INLAND
-121.77,37.68,36,1687,372,950,372,3.5532,158400,INLAND
-121.99,37.97,22,2823,509,1271,474,5.1333,207200,INLAND
-122.21,37.78,49,898,244,779,245,3.0536,137500,NEAR BAY
-122.17,37.74,41,1613,445,1481,414,2.4028,97700,NEAR BAY
-122.28,37.86,52,938,195,393,189,3.8594,196400,NEAR BAY
-122.18,37.68,5,2087,407,840,401,5.4858,187800,NEAR BAY
-119.43,36.61,19,1484,296,1296,298,2.4219,65800,INLAND
-120.88,38.91,15,3876,778,1960,691,2.902,127300,INLAND
-121.82,37.69,12,1906,351,802,319,4.9375,227700,INLAND
-122.04,38.0,16,3077,733,1447,709,3.2484,91100,NEAR BAY
-122.27,37.8,39,1715,623,1327,467,1.8477,179200,NEAR BAY
-122.36,37.95,40,408,102,302,81,1.8333,69800,NEAR BAY
-122.01,37.98,25,1476,336,777,297,3.5179,165500,NEAR BAY
-122.26,37.86,52,2888,604,1253,538,3.3893,241700,NEAR BAY
-122.27,37.81,40,880,451,582,380,0.977,118800,NEAR BAY
-121.54,40.06,17,858,262,47,27,2.4028,67500,INLAND
-122.09,37.97,5,5303,779,2017,727,6.9961,294100,NEAR BAY
-120.25,36.65,31,1177,221,744,223,2.4937,66000,INLAND
-122.08,37.93,35,4043,689,1832,662,5.0761,233200,NEAR BAY
-122.24,37.82,52,3481,751,1444,718,3.9,275700,NEAR BAY
-121.9,37.67,15,2130,273,876,285,7.2639,332400,<1H OCEAN
-119.81,36.76,48,2059,388,834,405,2.9306,67900,INLAND
-122.15,37.74,43,1383,275,853,272,3.5083,122000,NEAR BAY
-122.33,37.96,46,1222,236,819,251,3.9118,129400,NEAR BAY
-122.25,37.77,43,4329,1110,2086,1053,2.975,243400,NEAR BAY
-119.79,36.83,15,3356,694,1232,627,2.2215,72200,INLAND
-122.17,37.75,37,1379,287,835,259,2.4962,91800,NEAR BAY
-119.56,36.51,37,1018,213,663,204,1.6635,67000,INLAND
-119.72,36.8,15,3045,689,1340,588,3.1953,85700,INLAND
-122.17,37.73,46,2163,470,925,435,3.25,177500,NEAR BAY
-122.21,37.77,52,745,153,473,149,2.6765,88800,NEAR BAY
-120.51,36.55,20,1193,263,1274,241,1.9417,38800,INLAND
-122.16,37.74,52,771,147,355,144,4.1458,143400,NEAR BAY
-119.87,36.81,6,1891,341,969,330,4.6726,107800,INLAND
-122.26,37.77,52,2097,444,915,413,2.9899,228100,NEAR BAY
-121.95,37.74,19,5721,837,2653,813,6.2631,266000,<1H OCEAN
-122.16,37.69,36,1118,219,625,228,3.7813,192200,NEAR BAY
-122.02,37.88,16,3031,438,1087,421,7.3732,287300,NEAR BAY
-122.03,37.98,45,2842,567,1261,535,3.6042,138200,NEAR BAY
-119.78,36.75,43,2070,512,1925,444,1.4635,46600,INLAND
-122.31,37.94,38,1794,349,810,335,3.8343,191400,NEAR BAY
-122.28,37.99,28,3801,622,1654,571,4.375,193300,NEAR BAY
-122.03,37.54,35,1867,343,1213,338,4.8214,186000,NEAR BAY
-122.27,37.82,41,3221,853,1959,720,1.1108,97500,NEAR BAY
-122.27,37.85,52,1966,347,793,331,2.775,152500,NEAR BAY
-121.91,37.93,13,1610,198,703,217,8.7059,329400,INLAND
-122.08,37.72,32,2476,368,1048,367,5.6194,274700,NEAR BAY
-122.13,37.74,41,4400,666,1476,648,5.0,248900,NEAR BAY
-122.26,38.0,6,678,104,318,91,5.2375,246400,NEAR BAY
-122.19,37.78,52,1070,193,555,190,3.7262,166900,NEAR BAY
-122.36,37.94,43,369,107,371,111,1.6,79400,NEAR BAY
-122.3,37.9,15,5083,1212,2420,1146,4.5824,256100,NEAR BAY
-122.0,37.97,27,2491,428,1171,431,5.1021,202800,INLAND
-122.09,37.66,39,1160,259,725,274,2.2222,158300,NEAR BAY
-122.12,37.64,40,432,102,264,77,3.8875,228100,NEAR BAY
-119.79,36.55,32,1393,276,999,245,2.0216,76800,INLAND
-120.76,38.73,17,512,129,314,140,1.5625,108300,INLAND
-119.78,38.69,17,1364,282,338,152,2.45,117600,INLAND
-122.27,37.86,49,2052,435,924,414,2.5417,182700,NEAR BAY
-122.12,38.0,20,6992,1404,3221,1334,4.2042,166400,NEAR BAY
-119.94,38.92,24,1258,216,235,96,4.6,136800,INLAND
-120.01,38.91,27,968,191,283,143,2.0938,94400,INLAND
-121.75,37.68,35,1755,299,702,263,5.2443,183400,INLAND
-119.68,36.81,13,2589,413,1356,435,5.0253,106200,INLAND
-119.79,36.81,33,1461,261,494,254,4.25,132200,INLAND
-122.29,37.89,52,3171,698,1498,696,3.1795,218200,NEAR BAY
-119.79,36.82,23,4358,819,1852,802,3.4167,105200,INLAND
-122.29,37.84,35,1872,419,1017,414,2.2106,132500,NEAR BAY
-122.35,37.95,45,2142,431,1318,431,3.0737,111600,NEAR BAY
-122.17,37.77,31,2424,533,1360,452,1.871,90700,NEAR BAY
-122.27,37.89,52,2640,366,973,355,7.266,371100,NEAR BAY
-119.69,36.79,13,1736,313,993,314,3.7697,83600,INLAND
-119.97,38.93,24,856,185,388,108,3.1806,107200,INLAND
-122.06,37.64,20,1655,450,857,430,3.5541,350000,NEAR BAY
-119.76,36.77,36,2507,466,1227,474,2.785,72300,INLAND
-122.05,37.55,23,4247,835,2357,823,5.1321,211300,NEAR BAY
-122.31,37.93,39,2505,371,872,345,5.3433,286500,NEAR BAY
-119.76,36.81,19,4643,1429,4638,1335,1.2716,69400,INLAND
-122.29,37.81,23,1745,374,1054,325,0.8026,112500,NEAR BAY
-122.28,37.84,50,2082,492,1131,473,1.6424,108900,NEAR BAY
-119.74,36.85,3,10425,2121,4432,1778,3.9032,140800,INLAND
-122.05,37.97,16,60,10,65,19,6.1359,250000,NEAR BAY
-122.25,37.77,52,2650,566,1468,567,3.0161,215700,NEAR BAY
-121.54,39.47,14,1724,315,939,302,2.4952,53900,INLAND
-122.27,37.79,27,1055,347,718,302,2.6354,187500,NEAR BAY
-119.95,38.95,22,1058,352,851,269,2.02,87500,INLAND
-121.82,37.98,13,3995,605,1969,607,5.0164,165200,INLAND
-121.58,39.76,19,2487,485,1110,453,3.1061,110200,INLAND
-122.22,37.82,42,2991,335,1018,335,13.499,500001,NEAR BAY
-122.24,37.85,37,334,54,98,47,4.9643,335000,NEAR BAY
-122.32,37.92,22,1119,220,565,199,3.3594,186900,NEAR BAY
-121.96,37.51,22,5811,1125,3215,1086,4.4107,223500,<1H OCEAN
-119.77,36.81,25,1565,271,661,275,3.4279,84700,INLAND
-122.13,38.01,51,1262,309,608,298,2.1974,139300,NEAR BAY
-119.71,36.83,15,2727,500,1228,436,3.5078,109000,INLAND
-120.07,36.74,19,2627,502,1295,441,3.087,88200,INLAND
-122.25,37.77,52,1527,320,825,264,3.4531,208800,NEAR BAY
-122.04,37.63,33,952,172,369,159,3.2331,226700,NEAR BAY
-119.84,36.54,19,1310,241,702,217,2.4375,78200,INLAND
-122.35,37.93,19,1334,366,1048,316,1.7865,88000,NEAR BAY
-119.85,36.8,14,4177,914,2300,867,2.9565,73000,INLAND
-121.97,37.51,25,3333,511,1671,504,5.4359,258300,<1H OCEAN
-122.01,37.58,17,4313,717,2629,721,5.7579,231800,NEAR BAY
-122.23,37.78,43,1420,472,1506,438,1.9338,112500,NEAR BAY
-122.12,37.68,40,1553,253,724,267,4.38,196400,NEAR BAY
-122.25,37.8,41,1471,469,1062,413,1.6121,171400,NEAR BAY
-122.27,37.97,10,15259,2275,7266,2338,6.0666,272400,NEAR BAY
-119.78,36.76,47,1425,323,949,325,1.7344,51300,INLAND
-122.28,37.9,52,2318,328,779,312,7.1754,362900,NEAR BAY
-122.04,37.96,16,2913,723,1705,693,2.9097,106300,NEAR BAY
-122.03,37.59,16,4371,889,2530,817,4.6786,256000,NEAR BAY
-120.16,39.01,16,1463,264,54,26,4.975,206300,INLAND
-119.96,38.84,17,2722,512,828,289,3.5714,109700,INLAND
-122.25,37.87,52,609,236,1349,250,1.1696,500001,NEAR BAY
-122.26,37.9,52,1927,279,705,288,7.8864,357300,NEAR BAY
-122.28,37.75,20,1156,365,583,326,3.1972,100000,NEAR BAY
-122.25,37.89,42,2863,460,1031,448,6.7138,368600,NEAR BAY
-122.09,37.7,31,2053,336,867,329,4.3375,241800,NEAR BAY
-119.82,36.82,28,2268,336,752,330,5.2809,151500,INLAND
-122.09,38.02,37,1742,339,1128,345,3.8824,113700,NEAR BAY
-122.27,37.78,13,2020,535,959,486,5.2601,292700,NEAR BAY
-122.08,37.58,15,2576,418,1657,410,5.5218,254400,NEAR BAY
-122.01,37.54,32,2572,406,1128,395,5.0,287600,NEAR BAY
-119.69,36.46,29,1702,301,914,280,2.8125,79200,INLAND
-122.08,37.68,15,3051,685,1479,668,3.5295,242200,NEAR BAY
-122.25,37.83,52,1279,287,534,291,3.1429,231600,NEAR BAY
-122.04,37.97,39,1323,245,705,261,3.1968,151000,NEAR BAY
-122.26,38.0,14,2338,391,1003,398,4.2269,170500,NEAR BAY
-122.01,39.21,52,1989,392,985,396,2.5556,75800,INLAND
-119.69,36.81,15,2892,496,1634,501,4.4934,88000,INLAND
-122.04,37.96,20,1143,346,578,298,2.2411,151800,NEAR BAY
-122.07,37.86,17,1102,224,317,208,3.5893,206300,NEAR BAY
-122.07,37.93,45,1544,244,614,238,5.0255,226000,NEAR BAY
-122.37,37.96,37,1572,402,1046,350,0.7403,68600,NEAR BAY
-122.05,37.94,22,2105,354,993,365,4.6602,227800,NEAR BAY
-121.99,37.54,18,3584,715,1673,661,3.9444,240100,<1H OCEAN
-121.79,39.73,8,5690,1189,2887,1077,3.0625,116300,INLAND
-119.89,36.73,43,524,93,302,93,2.6146,81300,INLAND
-121.24,39.65,35,632,148,221,102,2.3684,62500,INLAND
-122.0,37.55,27,6103,1249,3026,1134,4.1591,332400,<1H OCEAN
-122.07,37.57,8,8647,1407,5019,1379,6.5615,318300,NEAR BAY
-120.62,38.71,10,6305,1150,2597,921,4.0197,132200,INLAND
-122.26,37.85,52,3503,752,1504,734,3.2705,241800,NEAR BAY
-121.78,38.0,8,2371,375,1094,396,5.3245,174500,INLAND
-121.78,37.67,26,2211,344,1024,321,5.2649,199800,INLAND
-121.91,37.68,20,1804,254,831,260,6.177,262900,<1H OCEAN
-122.29,37.89,52,2178,421,940,423,5.0551,232200,NEAR BAY
-119.84,36.82,17,2807,376,996,353,5.5357,167700,INLAND
-119.84,36.83,17,3012,408,987,362,7.4201,229700,INLAND
-122.07,37.91,33,1550,277,638,254,3.6833,292500,NEAR BAY
-122.07,37.88,11,1077,318,590,264,3.5536,387200,NEAR BAY
-119.79,36.79,33,3433,785,1806,783,1.9386,67500,INLAND
-122.27,37.89,52,3046,373,975,365,8.8342,430500,NEAR BAY
-121.94,37.54,31,2537,382,1067,410,6.7599,356000,<1H OCEAN
-122.04,37.97,26,2470,626,1174,573,2.9861,160900,NEAR BAY
-121.54,39.48,29,2896,596,1809,617,1.8047,53800,INLAND
-121.88,38.01,9,5329,1284,2827,1202,2.7374,150000,INLAND
-121.97,37.97,24,1330,183,656,205,5.0092,244100,INLAND
-122.33,37.99,4,3999,1079,1591,887,3.911,112500,NEAR BAY
-119.67,36.73,27,2845,417,1219,460,4.9196,117900,INLAND
-122.34,37.97,19,392,109,287,81,6.0426,110000,NEAR BAY
-121.85,39.74,39,1139,265,623,264,2.2833,85800,INLAND
-122.24,38.01,16,2084,315,1154,307,6.0102,235600,NEAR BAY
-122.05,37.57,7,10648,1818,6075,1797,6.1047,278200,NEAR BAY
-122.13,37.67,40,1748,318,914,317,3.8676,184000,NEAR BAY
-121.96,37.95,7,3418,740,1583,676,3.6133,196100,INLAND
-120.35,36.16,18,1519,296,846,272,2.7792,85300,INLAND
-122.01,37.83,30,3917,549,1330,544,6.5617,386600,NEAR BAY
-122.08,37.94,44,2185,357,943,366,4.725,232100,NEAR BAY
-122.27,37.84,52,2436,541,1015,478,1.725,113900,NEAR BAY
-122.25,37.85,52,919,213,413,193,4.0368,269700,NEAR BAY
-121.84,37.98,8,7505,1089,3325,1016,5.2699,204200,INLAND
